0,0,42.9,-250
5,0,41.314,-250
10,0,39.762,-250
15,0,37.9759,-250
20,0,36.1901,-250
25,0,35.465,-250
30,0,34.827,-250
35,0,33.619,-250
40,0,32.41,-250
45,0,32.318,-250
50,0,32.369,-250
55,0,32.131,-250
60,0,31.892,-250
65,0,32.0341,-250
70,0,32.3039,-250
75,0,32.61,-250
80,0,33.021,-250
85,0,33.371,-250
90,0,33.687,-250
95,0,34.069,-250
100,0,34.682,-250
105,0,35.151,-250
110,0,35.5601,-250
115,0,35.969,-250
120,0,36.5651,-250
125,0,37.11,-250
130,0,37.618,-250
135,0,38.126,-250
140,0,38.738,-250
145,0,39.2631,-250
150,0,39.672,-250
155,0,40.082,-250
160,0,40.569,-250
165,0,41.031,-250
170,0,41.404,-250
175,0,41.7779,-250
180,0,42.158,-250
185,0,42.4289,-250
190,0,42.511,-250
195,0,42.592,-250
200,0,42.699,-250
205,0,42.667,-250
210,0,42.516,-250
215,0,42.4141,-250
220,0,42.312,-250
225,0,42.178,-250
230,0,41.977,-250
235,0,41.767,-250
240,0,41.557,-250
245,0,41.426,-250
250,0,41.5019,-250
255,0,41.578,-250
260,0,41.654,-250
265,0,41.8509,-250
270,0,42.462,-250
275,0,43.073,-250
280,0,43.684,-250
285,0,44.89,-250
290,0,46.766,-250
295,0,48.641,-250
300,0,50.517,-250
305,0,52.5391,-250
310,0,54.022,-250
315,0,55.506,-250
320,0,56.989,-250
325,0,58.102,-250
330,0,58.405,-250
335,0,58.708,-250
340,0,59.012,-250
345,0,59.413,-250
350,0,59.847,-250
355,0,60.281,-250
360,0,60.715,-250
365,0,61.239,-250
370,0,61.977,-250
375,0,62.657,-250
380,0,63.337,-250
385,0,64.017,-250
390,0,63.609,-250
395,0,63.042,-250
400,0,62.475,-250
405,0,61.909,-250
410,0,62.061,-250
415,0,62.3151,-250
420,0,62.569,-250
425,0,62.823,-250
430,0,61.991,-250
435,0,60.567,-250
440,0,59.1431,-250
445,0,57.645,-250
450,0,55.729,-250
455,0,53.864,-250
460,0,51.998,-250
465,0,50.168,-250
0,5,42.952,-250
5,5,41.366,-250
10,5,39.8199,-250
15,5,38.259,-250
20,5,36.474,-250
25,5,35.748,-250
30,5,35.229,-250
35,5,34.536,-250
40,5,33.327,-250
45,5,33.324,-250
50,5,33.425,-250
55,5,33.448,-250
60,5,33.21,-250
65,5,33.386,-250
70,5,33.704,-250
75,5,34.116,-250
80,5,34.5279,-250
85,5,34.871,-250
90,5,35.261,-250
95,5,35.875,-250
100,5,36.488,-250
105,5,36.9561,-250
110,5,37.371,-250
115,5,37.9709,-250
120,5,38.572,-250
125,5,39.116,-250
130,5,39.624,-250
135,5,40.24,-250
140,5,40.885,-250
145,5,41.41,-250
150,5,41.8199,-250
155,5,42.3101,-250
160,5,42.855,-250
165,5,43.306,-250
170,5,43.68,-250
175,5,44.061,-250
180,5,44.448,-250
185,5,44.699,-250
190,5,44.781,-250
195,5,44.889,-250
200,5,45.0229,-250
205,5,44.9921,-250
210,5,44.78,-250
215,5,44.632,-250
220,5,44.53,-250
225,5,44.396,-250
230,5,44.21,-250
235,5,44.009,-250
240,5,43.798,-250
245,5,43.668,-250
250,5,43.744,-250
255,5,43.8199,-250
260,5,43.93,-250
265,5,44.133,-250
270,5,44.744,-250
275,5,45.3559,-250
280,5,46.541,-250
285,5,48.095,-250
290,5,49.9709,-250
295,5,51.8459,-250
300,5,53.915,-250
305,5,56.118,-250
310,5,57.6009,-250
315,5,59.085,-250
320,5,60.256,-250
325,5,60.9969,-250
330,5,61.3,-250
335,5,61.604,-250
340,5,62.033,-250
345,5,62.767,-250
350,5,63.201,-250
355,5,63.635,-250
360,5,64.197,-250
365,5,66,-250
370,5,66.738,-250
375,5,67.418,-250
380,5,68.098,-250
385,5,69.261,-250
390,5,67.2371,-250
395,5,66.5181,-250
400,5,65.96,-250
405,5,65.402,-250
410,5,65.489,-250
415,5,65.7309,-250
420,5,65.973,-250
425,5,66.1431,-250
430,5,66.584,-250
435,5,65.241,-250
440,5,63.765,-250
445,5,62.288,-250
450,5,59.026,-250
455,5,57.17,-250
460,5,55.313,-250
465,5,53.457,-250
0,10,43.004,-250
5,10,41.418,-250
10,10,39.8719,-250
15,10,38.326,-250
20,10,36.757,-250
25,10,36.032,-250
30,10,35.512,-250
35,10,34.993,-250
40,10,34.245,-250
45,10,34.329,-250
50,10,34.43,-250
55,10,34.532,-250
60,10,34.5279,-250
65,10,34.7989,-250
70,10,35.2111,-250
75,10,35.6219,-250
80,10,36.0341,-250
85,10,36.454,-250
90,10,37.067,-250
95,10,37.68,-250
100,10,38.293,-250
105,10,38.776,-250
110,10,39.3769,-250
115,10,39.978,-250
120,10,40.578,-250
125,10,41.123,-250
130,10,41.7421,-250
135,10,42.387,-250
140,10,43.032,-250
145,10,43.557,-250
150,10,44.052,-250
155,10,44.597,-250
160,10,45.142,-250
165,10,45.581,-250
170,10,45.964,-250
175,10,46.3509,-250
180,10,46.738,-250
185,10,46.969,-250
190,10,47.078,-250
195,10,47.213,-250
200,10,47.348,-250
205,10,47.317,-250
210,10,47.105,-250
215,10,46.892,-250
220,10,46.749,-250
225,10,46.615,-250
230,10,46.428,-250
235,10,46.2421,-250
240,10,46.04,-250
245,10,45.91,-250
250,10,45.986,-250
255,10,46.0959,-250
260,10,46.212,-250
265,10,46.416,-250
270,10,47.027,-250
275,10,48.236,-250
280,10,49.719,-250
285,10,51.3,-250
290,10,53.176,-250
295,10,55.29,-250
300,10,57.546,-250
305,10,59.697,-250
310,10,61.18,-250
315,10,62.334,-250
320,10,63.152,-250
325,10,63.892,-250
330,10,64.196,-250
335,10,64.637,-250
340,10,65.387,-250
345,10,66.121,-250
350,10,66.555,-250
355,10,67.154,-250
360,10,68.958,-250
365,10,70.761,-250
370,10,71.499,-250
375,10,72.1789,-250
380,10,73.357,-250
385,10,74.571,-250
390,10,72.546,-250
395,10,69.983,-250
400,10,69.426,-250
405,10,68.868,-250
410,10,69.008,-250
415,10,69.25,-250
420,10,69.406,-250
425,10,69.503,-250
430,10,69.977,-250
435,10,70.534,-250
440,10,69.057,-250
445,10,67.581,-250
450,10,64.0131,-250
455,10,60.323,-250
460,10,58.467,-250
465,10,56.611,-250
0,15,42.9239,-250
5,15,41.917,-250
10,15,40.349,-250
15,15,38.781,-250
20,15,37.214,-250
25,15,36.8199,-250
30,15,36.285,-250
35,15,35.75,-250
40,15,35.222,-250
45,15,35.323,-250
50,15,35.425,-250
55,15,35.526,-250
60,15,35.805,-250
65,15,36.224,-250
70,15,36.639,-250
75,15,37.0539,-250
80,15,37.567,-250
85,15,38.2061,-250
90,15,38.821,-250
95,15,39.437,-250
100,15,40.073,-250
105,15,40.735,-250
110,15,41.3411,-250
115,15,41.948,-250
120,15,42.553,-250
125,15,43.22,-250
130,15,43.8671,-250
135,15,44.514,-250
140,15,45.162,-250
145,15,45.779,-250
150,15,46.327,-250
155,15,46.875,-250
160,15,47.422,-250
165,15,47.8671,-250
170,15,48.254,-250
175,15,48.641,-250
180,15,49.0279,-250
185,15,49.2681,-250
190,15,49.4029,-250
195,15,49.538,-250
200,15,49.673,-250
205,15,49.641,-250
210,15,49.4289,-250
215,15,49.217,-250
220,15,49.005,-250
225,15,48.833,-250
230,15,48.647,-250
235,15,48.46,-250
240,15,48.274,-250
245,15,48.152,-250
250,15,48.2631,-250
255,15,48.379,-250
260,15,48.495,-250
265,15,48.698,-250
270,15,49.931,-250
275,15,51.415,-250
280,15,52.8979,-250
285,15,54.505,-250
290,15,56.665,-250
295,15,58.921,-250
300,15,61.177,-250
305,15,63.276,-250
310,15,64.411,-250
315,15,65.229,-250
320,15,66.047,-250
325,15,66.788,-250
330,15,67.241,-250
335,15,67.991,-250
340,15,68.741,-250
345,15,69.475,-250
350,15,70.111,-250
355,15,71.915,-250
360,15,73.719,-250
365,15,75.522,-250
370,15,76.26,-250
375,15,77.452,-250
380,15,78.666,-250
385,15,79.88,-250
390,15,77.855,-250
395,15,75.2519,-250
400,15,72.891,-250
405,15,72.333,-250
410,15,72.527,-250
415,15,72.6689,-250
420,15,72.767,-250
425,15,72.864,-250
430,15,73.371,-250
435,15,73.96,-250
440,15,74.35,-250
445,15,72.874,-250
450,15,69.306,-250
455,15,65.2779,-250
460,15,61.62,-250
465,15,59.764,-250
0,20,42.912,-250
5,20,41.972,-250
10,20,40.916,-250
15,20,39.348,-250
20,20,37.78,-250
25,20,37.5391,-250
30,20,37.272,-250
35,20,36.7371,-250
40,20,36.209,-250
45,20,36.3101,-250
50,20,36.412,-250
55,20,36.701,-250
60,20,37.163,-250
65,20,37.582,-250
70,20,37.9969,-250
75,20,38.519,-250
80,20,39.257,-250
85,20,39.896,-250
90,20,40.512,-250
95,20,41.1529,-250
100,20,41.951,-250
105,20,42.613,-250
110,20,43.219,-250
115,20,43.8249,-250
120,20,44.5699,-250
125,20,45.2519,-250
130,20,45.9,-250
135,20,46.547,-250
140,20,47.308,-250
145,20,47.959,-250
150,20,48.507,-250
155,20,49.0539,-250
160,20,49.6851,-250
165,20,50.157,-250
170,20,50.545,-250
175,20,50.932,-250
180,20,51.308,-250
185,20,51.541,-250
190,20,51.677,-250
195,20,51.813,-250
200,20,51.942,-250
205,20,51.901,-250
210,20,51.692,-250
215,20,51.483,-250
220,20,51.274,-250
225,20,51.084,-250
230,20,50.904,-250
235,20,50.7161,-250
240,20,50.529,-250
245,20,50.439,-250
250,20,50.5539,-250
255,20,50.6689,-250
260,20,50.784,-250
265,20,51.3719,-250
270,20,52.865,-250
275,20,54.359,-250
280,20,55.853,-250
285,20,57.889,-250
290,20,60.159,-250
295,20,62.4289,-250
300,20,64.699,-250
305,20,66.7421,-250
310,20,67.541,-250
315,20,68.3411,-250
320,20,69.141,-250
325,20,69.848,-250
330,20,70.598,-250
335,20,71.348,-250
340,20,72.097,-250
345,20,72.925,-250
350,20,74.753,-250
355,20,76.581,-250
360,20,78.41,-250
365,20,80.238,-250
370,20,81.483,-250
375,20,82.762,-250
380,20,83.975,-250
385,20,85.189,-250
390,20,83.165,-250
395,20,80.561,-250
400,20,77.958,-250
405,20,75.8039,-250
410,20,75.932,-250
415,20,76.03,-250
420,20,76.1269,-250
425,20,76.224,-250
430,20,76.764,-250
435,20,77.353,-250
440,20,77.942,-250
445,20,78.167,-250
450,20,74.599,-250
455,20,70.571,-250
460,20,66.5439,-250
465,20,62.917,-250
0,25,42.901,-250
5,25,41.9611,-250
10,25,41.022,-250
15,25,39.915,-250
20,25,38.382,-250
25,25,38.201,-250
30,25,38.019,-250
35,25,37.724,-250
40,25,37.196,-250
45,25,37.297,-250
50,25,37.5959,-250
55,25,38.059,-250
60,25,38.522,-250
65,25,38.941,-250
70,25,39.4709,-250
75,25,40.21,-250
80,25,40.948,-250
85,25,41.5861,-250
90,25,42.233,-250
95,25,43.031,-250
100,25,43.828,-250
105,25,44.49,-250
110,25,45.0959,-250
115,25,45.849,-250
120,25,46.61,-250
125,25,47.285,-250
130,25,47.932,-250
135,25,48.707,-250
140,25,49.504,-250
145,25,50.1381,-250
150,25,50.686,-250
155,25,51.319,-250
160,25,51.975,-250
165,25,52.448,-250
170,25,52.835,-250
175,25,53.2111,-250
180,25,53.579,-250
185,25,53.812,-250
190,25,53.948,-250
195,25,54.076,-250
200,25,54.192,-250
205,25,54.152,-250
210,25,53.942,-250
215,25,53.732,-250
220,25,53.5229,-250
225,25,53.333,-250
230,25,53.1739,-250
235,25,52.9921,-250
240,25,52.8039,-250
245,25,52.734,-250
250,25,52.849,-250
255,25,52.965,-250
260,25,53.352,-250
265,25,54.0799,-250
270,25,55.574,-250
275,25,57.068,-250
280,25,59.048,-250
285,25,61.183,-250
290,25,63.453,-250
295,25,65.723,-250
300,25,68.2729,-250
305,25,70.52,-250
310,25,71.319,-250
315,25,72.119,-250
320,25,72.757,-250
325,25,73.218,-250
330,25,73.967,-250
335,25,74.717,-250
340,25,75.494,-250
345,25,76.4969,-250
350,25,78.3249,-250
355,25,80.1529,-250
360,25,82.073,-250
365,25,84.883,-250
370,25,83.132,-250
375,25,84.406,-250
380,25,85.696,-250
385,25,86.986,-250
390,25,86.0861,-250
395,25,83.6121,-250
400,25,81.123,-250
405,25,78.6901,-250
410,25,78.801,-250
415,25,78.911,-250
420,25,79.022,-250
425,25,79.547,-250
430,25,80.15,-250
435,25,80.739,-250
440,25,81.329,-250
445,25,81.753,-250
450,25,79.067,-250
455,25,75.069,-250
460,25,71.0699,-250
465,25,67.071,-250
0,30,42.89,-250
5,30,41.9499,-250
10,30,41.011,-250
15,30,40.071,-250
20,30,39.0439,-250
25,30,38.863,-250
30,30,38.681,-250
35,30,38.5,-250
40,30,38.183,-250
45,30,38.4921,-250
50,30,38.954,-250
55,30,39.417,-250
60,30,39.88,-250
65,30,40.4239,-250
70,30,41.162,-250
75,30,41.9,-250
80,30,42.6381,-250
85,30,43.313,-250
90,30,44.11,-250
95,30,44.908,-250
100,30,45.706,-250
105,30,46.3671,-250
110,30,47.128,-250
115,30,47.889,-250
120,30,48.651,-250
125,30,49.318,-250
130,30,50.107,-250
135,30,50.9029,-250
140,30,51.6999,-250
145,30,52.318,-250
150,30,52.954,-250
155,30,53.61,-250
160,30,54.266,-250
165,30,54.739,-250
170,30,55.114,-250
175,30,55.482,-250
180,30,55.849,-250
185,30,56.083,-250
190,30,56.21,-250
195,30,56.326,-250
200,30,56.442,-250
205,30,56.402,-250
210,30,56.192,-250
215,30,55.982,-250
220,30,55.772,-250
225,30,55.582,-250
230,30,55.423,-250
235,30,55.2631,-250
240,30,55.079,-250
245,30,55.03,-250
250,30,55.145,-250
255,30,55.562,-250
260,30,55.99,-250
265,30,56.7891,-250
270,30,58.283,-250
275,30,60.2779,-250
280,30,62.342,-250
285,30,64.478,-250
290,30,66.748,-250
295,30,69.3199,-250
300,30,72.051,-250
305,30,74.298,-250
310,30,75.098,-250
315,30,75.715,-250
320,30,76.126,-250
325,30,76.587,-250
330,30,77.337,-250
335,30,78.118,-250
340,30,79.003,-250
345,30,80.069,-250
350,30,81.897,-250
355,30,83.9189,-250
360,30,86.814,-250
365,30,89.312,-250
370,30,87.562,-250
375,30,86.04,-250
380,30,87.329,-250
385,30,88.619,-250
390,30,87.558,-250
395,30,86.3249,-250
400,30,83.837,-250
405,30,81.4029,-250
410,30,81.514,-250
415,30,81.625,-250
420,30,82.168,-250
425,30,82.93,-250
430,30,83.533,-250
435,30,84.1219,-250
440,30,84.537,-250
445,30,84.76,-250
450,30,82.326,-250
455,30,78.979,-250
460,30,74.98,-250
465,30,70.982,-250
0,35,43.147,-250
5,35,42.4239,-250
10,35,41.472,-250
15,35,40.52,-250
20,35,39.6529,-250
25,35,39.475,-250
30,35,39.297,-250
35,35,39.118,-250
40,35,39.225,-250
45,35,39.694,-250
50,35,40.162,-250
55,35,40.631,-250
60,35,41.22,-250
65,35,41.9661,-250
70,35,42.7111,-250
75,35,43.4549,-250
80,35,44.275,-250
85,35,45.121,-250
90,35,45.922,-250
95,35,46.723,-250
100,35,47.536,-250
105,35,48.365,-250
110,35,49.133,-250
115,35,49.901,-250
120,35,50.676,-250
125,35,51.496,-250
130,35,52.2939,-250
135,35,53.092,-250
140,35,53.891,-250
145,35,54.583,-250
150,35,55.2421,-250
155,35,55.9,-250
160,35,56.557,-250
165,35,57.017,-250
170,35,57.385,-250
175,35,57.7519,-250
180,35,58.12,-250
185,35,58.344,-250
190,35,58.46,-250
195,35,58.576,-250
200,35,58.692,-250
205,35,58.652,-250
210,35,58.442,-250
215,35,58.232,-250
220,35,58.022,-250
225,35,57.832,-250
230,35,57.672,-250
235,35,57.5131,-250
240,35,57.353,-250
245,35,57.345,-250
250,35,57.772,-250
255,35,58.1999,-250
260,35,58.6269,-250
265,35,59.498,-250
270,35,61.509,-250
275,35,63.573,-250
280,35,65.636,-250
285,35,67.772,-250
290,35,70.3671,-250
295,35,73.098,-250
300,35,75.829,-250
305,35,78.076,-250
310,35,78.675,-250
315,35,79.085,-250
320,35,79.495,-250
325,35,79.956,-250
330,35,80.741,-250
335,35,81.6269,-250
340,35,82.512,-250
345,35,83.641,-250
350,35,85.765,-250
355,35,88.66,-250
360,35,91.555,-250
365,35,93.7421,-250
370,35,91.991,-250
375,35,90.241,-250
380,35,88.963,-250
385,35,90.142,-250
390,35,89.031,-250
395,35,87.92,-250
400,35,86.551,-250
405,35,84.1171,-250
410,35,84.228,-250
415,35,84.7891,-250
420,35,85.551,-250
425,35,86.312,-250
430,35,86.916,-250
435,35,87.3199,-250
440,35,87.543,-250
445,35,87.767,-250
450,35,85.333,-250
455,35,82.317,-250
460,35,78.89,-250
465,35,74.892,-250
0,40,43.366,-250
5,40,42.792,-250
10,40,42.063,-250
15,40,41.111,-250
20,40,40.245,-250
25,40,40.067,-250
30,40,39.8881,-250
35,40,40.016,-250
40,40,40.301,-250
45,40,40.769,-250
50,40,41.238,-250
55,40,41.835,-250
60,40,42.5959,-250
65,40,43.342,-250
70,40,44.087,-250
75,40,44.915,-250
80,40,45.991,-250
85,40,46.819,-250
90,40,47.62,-250
95,40,48.452,-250
100,40,49.447,-250
105,40,50.261,-250
110,40,51.0279,-250
115,40,51.814,-250
120,40,52.79,-250
125,40,53.609,-250
130,40,54.407,-250
135,40,55.206,-250
140,40,56.052,-250
145,40,56.753,-250
150,40,57.411,-250
155,40,58.0699,-250
160,40,58.8101,-250
165,40,59.308,-250
170,40,59.676,-250
175,40,60.043,-250
180,40,60.473,-250
185,40,60.745,-250
190,40,60.858,-250
195,40,60.97,-250
200,40,61.089,-250
205,40,61.014,-250
210,40,60.788,-250
215,40,60.573,-250
220,40,60.357,-250
225,40,60.227,-250
230,40,60.094,-250
235,40,59.928,-250
240,40,59.7631,-250
245,40,59.925,-250
250,40,60.355,-250
255,40,60.784,-250
260,40,61.214,-250
265,40,62.2259,-250
270,40,64.313,-250
275,40,66.399,-250
280,40,68.486,-250
285,40,71.114,-250
290,40,73.861,-250
295,40,76.608,-250
300,40,79.355,-250
305,40,81.519,-250
310,40,81.946,-250
315,40,82.373,-250
320,40,82.7989,-250
325,40,83.321,-250
330,40,84.214,-250
335,40,85.107,-250
340,40,86,-250
345,40,87.504,-250
350,40,90.456,-250
355,40,93.401,-250
360,40,96.297,-250
365,40,98.172,-250
370,40,96.421,-250
375,40,94.671,-250
380,40,92.92,-250
385,40,91.614,-250
390,40,90.503,-250
395,40,89.392,-250
400,40,88.281,-250
405,40,86.831,-250
410,40,87.41,-250
415,40,88.172,-250
420,40,88.933,-250
425,40,89.6949,-250
430,40,90.104,-250
435,40,90.327,-250
440,40,90.55,-250
445,40,90.774,-250
450,40,88.34,-250
455,40,85.324,-250
460,40,82.307,-250
465,40,78.802,-250
0,45,43.585,-250
5,45,43.011,-250
10,45,42.437,-250
15,45,41.703,-250
20,45,40.8361,-250
25,45,40.658,-250
30,45,40.809,-250
35,45,41.0911,-250
40,45,41.376,-250
45,45,41.845,-250
50,45,42.4499,-250
55,45,43.2111,-250
60,45,43.972,-250
65,45,44.718,-250
70,45,45.556,-150.71
75,45,46.632,-143.95
80,45,47.708,-142.98
85,45,48.517,-250
90,45,49.3671,-250
95,45,50.3621,-250
100,45,51.358,-250
105,45,52.156,-250
110,45,52.953,-250
115,45,53.928,-250
120,45,54.9029,-250
125,45,55.723,-250
130,45,56.521,-250
135,45,57.37,-250
140,45,58.222,-250
145,45,58.923,-250
150,45,59.581,-250
155,45,60.3249,-250
160,45,61.102,-250
165,45,61.6,-250
170,45,61.968,-250
175,45,62.401,-250
180,45,62.8931,-250
185,45,63.165,-250
190,45,63.2779,-250
195,45,63.397,-250
200,45,63.53,-250
205,45,63.4289,-250
210,45,63.172,-250
215,45,62.951,-250
220,45,62.735,-250
225,45,62.619,-250
230,45,62.6059,-250
235,45,62.4611,-250
240,45,62.295,-250
245,45,62.458,-250
250,45,62.887,-250
255,45,63.317,-250
260,45,63.417,-250
265,45,64.407,-250
270,45,66.494,-250
275,45,68.5799,-250
280,45,71.272,-250
285,45,74.097,-250
290,45,76.844,-250
295,45,79.5911,-250
300,45,82.4289,-250
305,45,84.495,-250
310,45,84.921,-250
315,45,85.348,-250
320,45,85.839,-250
325,45,86.491,-250
330,45,87.384,-250
335,45,88.277,-250
340,45,88.72,-250
345,45,89.508,-250
350,45,92.46,-250
355,45,95.412,-250
360,45,98.0539,-250
365,45,99.099,-250
370,45,98.3101,-250
375,45,96.616,-250
380,45,94.922,-250
385,45,93.408,-250
390,45,92.956,-250
395,45,91.796,-250
400,45,90.636,-250
405,45,89.517,-250
410,45,90.2939,-250
415,45,91.071,-250
420,45,91.848,-250
425,45,92.996,-250
430,45,93.26,-250
435,45,93.478,-250
440,45,93.696,-250
445,45,94.193,-250
450,45,91.8881,-250
455,45,88.848,-250
460,45,85.809,-250
465,45,82.769,-250
0,50,43.803,-250
5,50,43.229,-250
10,50,42.656,-250
15,50,42.082,-250
20,50,41.428,-250
25,50,41.6009,-250
30,50,41.884,-250
35,50,42.167,-250
40,50,42.452,-250
45,50,43.0651,-250
50,50,43.826,-250
55,50,44.587,-250
60,50,45.348,-250
65,50,46.196,-147.8
70,50,47.272,-139.61
75,50,48.348,-136.56
80,50,49.4141,-136.38
85,50,50.283,-137.11
90,50,51.2779,-138.88
95,50,52.2729,-141.29
100,50,53.269,-250
105,50,54.0911,-250
110,50,55.066,-250
115,50,56.041,-250
120,50,57.017,-250
125,50,57.8361,-250
130,50,58.688,-250
135,50,59.54,-250
140,50,60.392,-250
145,50,61.093,-250
150,50,61.839,-250
155,50,62.6171,-250
160,50,63.394,-250
165,50,63.892,-250
170,50,64.329,-250
175,50,64.821,-250
180,50,65.314,-250
185,50,65.5861,-250
190,50,65.706,-250
195,50,65.839,-250
200,50,65.972,-250
205,50,65.844,-250
210,50,65.587,-250
215,50,65.3299,-250
220,50,65.113,-250
225,50,65.01,-250
230,50,64.998,-250
235,50,64.985,-250
240,50,64.828,-250
245,50,64.99,-250
250,50,65.42,-250
255,50,65.51,-250
260,50,65.598,-250
265,50,66.588,-250
270,50,68.6739,-250
275,50,71.387,-250
280,50,74.255,-250
285,50,77.0799,-250
290,50,79.828,-250
295,50,82.6689,-250
300,50,85.5699,-250
305,50,87.47,-250
310,50,87.897,-250
315,50,88.406,-250
320,50,88.988,-250
325,50,89.661,-250
330,50,90.5539,-250
335,50,90.9661,-250
340,50,90.724,-250
345,50,91.5131,-250
350,50,94.464,-250
355,50,97.066,-250
360,50,98.537,-250
365,50,99.582,-250
370,50,99.137,-250
375,50,98.3299,-250
380,50,96.636,-250
385,50,95.1219,-250
390,50,94.917,-250
395,50,94.452,-250
400,50,93.291,-250
405,50,92.172,-250
410,50,92.949,-250
415,50,93.7259,-250
420,50,94.907,-250
425,50,96.297,-250
430,50,96.515,-250
435,50,96.733,-250
440,50,97.296,-250
445,50,98.198,-250
450,50,95.7519,-250
455,50,92.899,-250
460,50,89.86,-250
465,50,86.8199,-250
0,55,43.978,-250
5,55,43.728,-250
10,55,43.146,-250
15,55,42.564,-250
20,55,42.0799,-250
25,55,42.383,-250
30,55,42.686,-250
35,55,42.988,-250
40,55,43.52,-250
45,55,44.287,-250
50,55,45.055,-250
55,55,45.822,-250
60,55,46.7049,-250
65,55,47.788,-130.75
70,55,48.8719,-131.98
75,55,49.9549,-128.92
80,55,51.097,-129.28
85,55,52.098,-131.45
90,55,53.1,-133.9
95,55,54.102,-137.43
100,55,55.1641,-141.26
105,55,56.15,-145.61
110,55,57.13,-150.57
115,55,58.11,-250
120,55,59.103,-250
125,55,60.004,-250
130,55,60.8559,-250
135,55,61.709,-250
140,55,62.562,-250
145,55,63.354,-250
150,55,64.131,-250
155,55,64.908,-250
160,55,65.686,-250
165,55,66.257,-250
170,55,66.749,-250
175,55,67.2421,-250
180,55,67.734,-250
185,55,68.014,-250
190,55,68.147,-250
195,55,68.28,-250
200,55,68.413,-250
205,55,68.259,-250
210,55,68.0019,-250
215,55,67.746,-250
220,55,67.491,-250
225,55,67.402,-250
230,55,67.389,-250
235,55,67.3769,-250
240,55,67.36,-250
245,55,67.517,-250
250,55,67.604,-250
255,55,67.691,-250
260,55,67.779,-250
265,55,68.7681,-250
270,55,71.5019,-250
275,55,74.37,-250
280,55,77.238,-250
285,55,80.064,-250
290,55,82.91,-250
295,55,85.8101,-250
300,55,88.7111,-250
305,55,90.4449,-250
310,55,90.974,-250
315,55,91.556,-250
320,55,92.137,-250
325,55,92.831,-250
330,55,93.212,-250
335,55,92.97,-250
340,55,92.728,-250
345,55,93.517,-250
350,55,96.078,-250
355,55,97.5489,-250
360,55,99.02,-250
365,55,100.065,-250
370,55,99.62,-250
375,55,99.175,-250
380,55,98.35,-250
385,55,96.8361,-250
390,55,96.631,-250
395,55,96.427,-250
400,55,95.947,-250
405,55,94.828,-250
410,55,95.604,-250
415,55,96.817,-250
420,55,98.243,-250
425,55,99.552,-250
430,55,99.77,-250
435,55,100.398,-250
440,55,101.301,-250
445,55,102.203,-250
450,55,99.514,-250
455,55,96.7891,-250
460,55,93.911,-250
465,55,90.871,-250
0,60,43.965,-250
5,60,44.009,-250
10,60,43.749,-250
15,60,43.167,-250
20,60,42.683,-250
25,60,42.986,-250
30,60,43.288,-250
35,60,43.839,-250
40,60,44.572,-250
45,60,45.34,-250
50,60,46.108,-250
55,60,47.021,-250
60,60,48.105,-121.72
65,60,49.189,-122.13
70,60,50.272,-123.59
75,60,51.442,-123.46
80,60,52.696,-124.09
85,60,53.697,-126.83
90,60,54.699,-136.41
95,60,55.769,-142.92
100,60,57.032,-149.39
105,60,58.0181,-145.45
110,60,58.998,-150.85
115,60,59.998,-157.84
120,60,61.255,-166.14
125,60,62.155,-176.77
130,60,63.008,-250
135,60,63.86,-250
140,60,64.887,-250
145,60,65.708,-250
150,60,66.484,-250
155,60,67.26,-250
160,60,68.084,-250
165,60,68.6689,-250
170,60,69.162,-250
175,60,69.654,-250
180,60,70.145,-250
185,60,70.407,-250
190,60,70.542,-250
195,60,70.676,-250
200,60,70.847,-250
205,60,70.783,-250
210,60,70.52,-250
215,60,70.256,-250
220,60,69.993,-250
225,60,69.769,-250
230,60,69.757,-250
235,60,69.745,-250
240,60,69.734,-250
245,60,69.775,-250
250,60,69.859,-250
255,60,69.943,-250
260,60,70.026,-250
265,60,71.428,-250
270,60,74.306,-250
275,60,77.184,-250
280,60,80.062,-250
285,60,82.694,-250
290,60,85.628,-250
295,60,88.563,-250
300,60,91.4969,-250
305,60,93.0749,-250
310,60,93.7519,-250
315,60,94.4289,-250
320,60,95.107,-250
325,60,95.452,-250
330,60,95.213,-250
335,60,94.974,-250
340,60,94.732,-250
345,60,95.09,-250
350,60,96.561,-250
355,60,98.032,-250
360,60,99.503,-250
365,60,100.548,-250
370,60,100.103,-250
375,60,99.658,-250
380,60,99.213,-250
385,60,98.55,-250
390,60,98.345,-250
395,60,98.14,-250
400,60,97.936,-250
405,60,97.483,-250
410,60,98.728,-250
415,60,100.153,-250
420,60,101.578,-250
425,60,102.807,-250
430,60,103.5,-250
435,60,104.403,-250
440,60,105.305,-250
445,60,106,-250
450,60,103.276,-250
455,60,100.551,-250
460,60,97.826,-250
465,60,94.922,-250
0,65,43.952,-250
5,65,43.996,-250
10,65,44.0391,-250
15,65,43.77,-250
20,65,43.286,-250
25,65,43.589,-250
30,65,44.161,-250
35,65,44.89,-250
40,65,45.625,-250
45,65,46.3931,-250
50,65,47.3361,-250
55,65,48.421,-117.39
60,65,49.506,-114.77
65,65,50.589,-113.68
70,65,51.765,-112.94
75,65,53.041,-116.33
80,65,54.295,-119.3
85,65,55.296,-123.77
90,65,56.373,-128.43
95,65,57.637,-134.15
100,65,58.9,-140.91
105,65,59.886,-155.59
110,65,60.8931,-165.38
115,65,62.15,-176.84
120,65,63.406,-192.73
125,65,64.307,-178.2
130,65,65.16,-179.04
135,65,66.197,-250
140,65,67.262,-250
145,65,68.063,-250
150,65,68.839,-250
155,65,69.671,-250
160,65,70.519,-250
165,65,71.0799,-250
170,65,71.573,-250
175,65,72.062,-250
180,65,72.55,-250
185,65,72.7891,-250
190,65,72.9239,-250
195,65,73.0959,-250
200,65,73.302,-250
205,65,73.2421,-250
210,65,73.089,-250
215,65,72.826,-250
220,65,72.562,-250
225,65,72.316,-250
230,65,72.103,-250
235,65,72.092,-250
240,65,72.0799,-250
245,65,72.121,-250
250,65,72.2049,-250
255,65,72.2891,-250
260,65,72.332,-250
265,65,73.917,-250
270,65,76.795,-250
275,65,79.6739,-250
280,65,81.89,-250
285,65,84.3199,-250
290,65,87.255,-250
295,65,90.189,-250
300,65,92.532,-250
305,65,93.923,-250
310,65,94.6009,-250
315,65,95.2779,-250
320,65,96.431,-250
325,65,97.274,-250
330,65,97.087,-250
335,65,96.848,-250
340,65,96.609,-250
345,65,96.912,-250
350,65,98.355,-250
355,65,99.797,-250
360,65,101.167,-250
365,65,101.758,-250
370,65,101.295,-250
375,65,100.833,-250
380,65,100.371,-250
385,65,100.64,-250
390,65,100.425,-250
395,65,100.21,-250
400,65,99.995,-250
405,65,100.165,-250
410,65,101.62,-250
415,65,103.075,-250
420,65,104.53,-250
425,65,105.464,-250
430,65,106.41,-250
435,65,107.356,-250
440,65,108.302,-250
445,65,108.965,-250
450,65,106.625,-250
455,65,103.919,-250
460,65,101.214,-250
465,65,98.508,-250
0,70,43.939,-250
5,70,43.983,-250
10,70,44.026,-250
15,70,44.069,-250
20,70,43.889,-250
25,70,44.483,-250
30,70,45.2111,-250
35,70,45.9401,-250
40,70,46.678,-250
45,70,47.652,-250
50,70,48.7371,-111.44
55,70,49.822,-107.31
60,70,50.907,-103.73
65,70,52.087,-104.25
70,70,53.363,-106.66
75,70,54.64,-111.59
80,70,55.894,-115.04
85,70,56.977,-120.99
90,70,58.241,-127.46
95,70,59.505,-136.15
100,70,60.7681,-153.51
105,70,61.7891,-162.2
110,70,63.045,-162.37
115,70,64.302,-163.88
120,70,65.558,-168.06
125,70,66.458,-179.82
130,70,67.506,-182.21
135,70,68.572,-209.15
140,70,69.637,-190.74
145,70,70.4189,-250
150,70,71.257,-250
155,70,72.1059,-250
160,70,72.954,-250
165,70,73.491,-250
170,70,73.98,-250
175,70,74.468,-250
180,70,74.9549,-250
185,70,75.171,-250
190,70,75.345,-250
195,70,75.552,-250
200,70,75.758,-250
205,70,75.697,-250
210,70,75.55,-250
215,70,75.395,-250
220,70,75.131,-250
225,70,74.885,-250
230,70,74.6479,-250
235,70,74.438,-250
240,70,74.427,-250
245,70,74.468,-250
250,70,74.552,-250
255,70,74.593,-250
260,70,74.631,-250
265,70,76.407,-250
270,70,79.285,-250
275,70,81.421,-250
280,70,83.456,-250
285,70,85.947,-250
290,70,88.881,-250
295,70,91.203,-250
300,70,93.38,-250
305,70,94.772,-250
310,70,95.449,-250
315,70,96.647,-250
320,70,98.223,-250
325,70,99.066,-250
330,70,98.911,-250
335,70,98.722,-250
340,70,98.483,-250
345,70,98.787,-250
350,70,100.229,-250
355,70,101.584,-250
360,70,102.475,-250
365,70,103.066,-250
370,70,102.604,-250
375,70,102.142,-250
380,70,102.548,-250
385,70,102.824,-250
390,70,102.61,-250
395,70,102.395,-250
400,70,102.51,-250
405,70,102.839,-250
410,70,104.294,-250
415,70,105.749,-250
420,70,106.602,-250
425,70,107.363,-250
430,70,108.309,-250
435,70,109.255,-250
440,70,110.155,-250
445,70,110.783,-250
450,70,109.092,-250
455,70,106.736,-250
460,70,104.031,-250
465,70,101.325,-250
0,75,43.814,-250
5,75,43.861,-250
10,75,43.907,-250
15,75,43.954,-250
20,75,44.406,-250
25,75,45.1641,-250
30,75,45.923,-250
35,75,46.682,-250
40,75,47.7309,-250
45,75,48.827,-106.11
50,75,49.9239,-100.93
55,75,51.021,-98.28
60,75,52.271,-98.28
65,75,53.556,-99.78
70,75,54.8411,-103.13
75,75,56.126,-108.39
80,75,57.489,-115.72
85,75,58.76,-122.34
90,75,60.032,-133.91
95,75,61.303,-142.59
100,75,62.656,-152.03
105,75,63.9189,-157.93
110,75,65.178,-159.05
115,75,66.438,-165.22
120,75,67.697,-176.81
125,75,68.811,-169.86
130,75,69.881,-168.96
135,75,70.947,-171
140,75,71.998,-173.87
145,75,72.844,-177.15
150,75,73.692,-180.5
155,75,74.541,-250
160,75,75.389,-250
165,75,75.8979,-250
170,75,76.386,-250
175,75,76.873,-250
180,75,77.361,-250
185,75,77.595,-250
190,75,77.801,-250
195,75,78.007,-250
200,75,78.213,-250
205,75,78.1529,-250
210,75,78.005,-250
215,75,77.857,-250
220,75,77.701,-250
225,75,77.454,-250
230,75,77.217,-250
235,75,76.979,-250
240,75,76.7729,-250
245,75,76.814,-250
250,75,76.855,-250
255,75,76.892,-250
260,75,76.93,-250
265,75,78.896,-250
270,75,80.951,-250
275,75,82.9871,-250
280,75,85.022,-250
285,75,87.573,-250
290,75,89.874,-250
295,75,92.052,-250
300,75,94.229,-250
305,75,95.62,-250
310,75,96.863,-250
315,75,98.439,-250
320,75,100.015,-250
325,75,100.858,-250
330,75,100.703,-250
335,75,100.548,-250
340,75,100.358,-250
345,75,100.661,-250
350,75,102.001,-250
355,75,102.893,-250
360,75,103.784,-250
365,75,104.375,-250
370,75,103.912,-250
375,75,104.344,-250
380,75,104.777,-250
385,75,105.009,-250
390,75,104.795,-250
395,75,104.945,-250
400,75,105.097,-250
405,75,105.513,-250
410,75,106.968,-250
415,75,107.784,-250
420,75,108.501,-250
425,75,109.262,-250
430,75,110.208,-250
435,75,111.105,-250
440,75,111.973,-250
445,75,112.602,-250
450,75,110.91,-250
455,75,109.218,-250
460,75,106.848,-250
465,75,104.143,-250
0,80,43.634,-250
5,80,43.681,-250
10,80,43.727,-250
15,80,44.192,-250
20,80,44.776,-250
25,80,45.535,-250
30,80,46.2939,-250
35,80,47.3931,-250
40,80,48.562,-101.61
45,80,49.658,-93.68
50,80,50.755,-91.64
55,80,52.048,-92.65
60,80,53.453,-95.1
65,80,54.738,-98.6
70,80,56.0229,-104.02
75,80,57.421,-111.17
80,80,58.9871,-122.14
85,80,60.258,-142.16
90,80,61.53,-138.89
95,80,62.897,-145.44
100,80,64.6641,-145.03
105,80,65.923,-160.91
110,80,67.183,-156.48
115,80,68.4611,-157.23
120,80,69.99,-156.31
125,80,71.081,-157.68
130,80,72.151,-159.77
135,80,73.223,-162.96
140,80,74.449,-164.12
145,80,75.297,-165.91
150,80,76.145,-174.99
155,80,76.993,-179.8
160,80,77.896,-250
165,80,78.401,-250
170,80,78.886,-250
175,80,79.37,-250
180,80,79.844,-250
185,80,80.088,-250
190,80,80.293,-250
195,80,80.498,-250
200,80,80.684,-250
205,80,80.515,-250
210,80,80.37,-250
215,80,80.225,-250
220,80,80.0799,-250
225,80,79.913,-250
230,80,79.684,-250
235,80,79.454,-250
240,80,79.225,-250
245,80,78.998,-250
250,80,79.042,-250
255,80,79.0861,-250
260,80,79.131,-250
265,80,80.6121,-250
270,80,82.639,-250
275,80,84.665,-250
280,80,86.692,-250
285,80,88.597,-250
290,80,90.769,-250
295,80,92.942,-250
300,80,95.114,-250
305,80,96.896,-250
310,80,98.532,-250
315,80,100.168,-250
320,80,101.804,-250
325,80,102.65,-250
330,80,102.495,-250
335,80,102.339,-250
340,80,102.184,-250
345,80,102.419,-250
350,80,103.31,-250
355,80,104.201,-250
360,80,105.093,-250
365,80,105.706,-250
370,80,106.139,-250
375,80,106.572,-250
380,80,107.005,-250
385,80,107.228,-250
390,80,107.38,-250
395,80,107.531,-250
400,80,107.683,-250
405,80,108.187,-250
410,80,108.967,-250
415,80,109.683,-250
420,80,110.4,-250
425,80,111.161,-250
430,80,112.056,-250
435,80,112.924,-250
440,80,113.791,-250
445,80,114.42,-250
450,80,112.728,-250
455,80,111.037,-250
460,80,109.345,-250
465,80,106.96,-250
0,85,43.454,-250
5,85,43.5,-250
10,85,44.012,-250
15,85,44.547,-250
20,85,45.146,-250
25,85,45.905,-250
30,85,47.026,-250
35,85,48.224,-250
40,85,49.3931,-87.22
45,85,50.489,-82.91
50,85,51.7989,-84.13
55,85,53.23,-88.77
60,85,54.635,-96.1
65,85,55.92,-104.38
70,85,57.327,-115.51
75,85,58.9189,-124.72
80,85,60.485,-128.18
85,85,61.756,-132.7
90,85,63.1381,-125.54
95,85,64.938,-135.02
100,85,66.6689,-133.45
105,85,67.928,-135.23
110,85,69.232,-137.26
115,85,70.761,-144.77
120,85,72.28,-150.32
125,85,73.35,-154.11
130,85,74.432,-153.73
135,85,75.678,-161.11
140,85,76.904,-172.19
145,85,77.7519,-165.61
150,85,78.6,-168.61
155,85,79.505,-178.01
160,85,80.422,-182.69
165,85,80.927,-250
170,85,81.411,-250
175,85,81.885,-250
180,85,82.3509,-250
185,85,82.594,-250
190,85,82.7989,-250
195,85,82.985,-250
200,85,83.146,-250
205,85,82.952,-250
210,85,82.68,-250
215,85,82.535,-250
220,85,82.39,-250
225,85,82.23,-250
230,85,82.05,-250
235,85,81.8199,-250
240,85,81.5911,-250
245,85,81.284,-250
250,85,81.038,-250
255,85,81.082,-250
260,85,81.126,-250
265,85,82.607,-250
270,85,84.634,-250
275,85,86.661,-250
280,85,87.896,-250
285,85,89.6789,-250
290,85,91.852,-250
295,85,94.024,-250
300,85,95.6901,-250
305,85,97.238,-250
310,85,98.874,-250
315,85,100.51,-250
320,85,102.039,-250
325,85,102.795,-250
330,85,102.675,-250
335,85,102.555,-250
340,85,102.783,-250
345,85,103.876,-250
350,85,104.764,-250
355,85,105.651,-250
360,85,106.563,-250
365,85,107.489,-250
370,85,107.934,-250
375,85,108.38,-250
380,85,108.858,-250
385,85,109.338,-250
390,85,109.504,-250
395,85,109.669,-250
400,85,109.835,-250
405,85,110.34,-250
410,85,111.044,-250
415,85,111.748,-250
420,85,112.452,-250
425,85,113.181,-250
430,85,114.041,-250
435,85,114.9,-250
440,85,115.76,-250
445,85,116.22,-250
450,85,114.596,-250
455,85,112.902,-250
460,85,111.207,-250
465,85,109.495,-250
0,90,43.296,-250
5,90,43.832,-250
10,90,44.3671,-250
15,90,44.9029,-250
20,90,45.517,-250
25,90,46.66,-250
30,90,47.857,-250
35,90,49.055,-81.54
40,90,50.224,-75.87
45,90,51.55,-76.6
50,90,52.9809,-81.51
55,90,54.413,-92.06
60,90,55.817,-114.72
65,90,57.232,-109.75
70,90,58.8249,-114.24
75,90,60.417,-132.63
80,90,61.983,-118.71
85,90,63.379,-121.57
90,90,65.1789,-123.32
95,90,66.979,-123.59
100,90,68.673,-123.06
105,90,70.003,-128.68
110,90,71.532,-132.25
115,90,73.061,-134.05
120,90,74.55,-142.29
125,90,75.64,-153.44
130,90,76.887,-155.26
135,90,78.134,-159.38
140,90,79.359,-161.25
145,90,80.207,-167.74
150,90,81.114,-171.6
155,90,82.031,-174.59
160,90,82.948,-185.02
165,90,83.452,-189.03
170,90,83.925,-250
175,90,84.391,-250
180,90,84.858,-250
185,90,85.1009,-250
190,90,85.285,-250
195,90,85.446,-250
200,90,85.608,-250
205,90,85.4141,-250
210,90,85.104,-250
215,90,84.845,-250
220,90,84.6999,-250
225,90,84.538,-250
230,90,84.373,-250
235,90,84.187,-250
240,90,83.957,-250
245,90,83.642,-250
250,90,83.292,-250
255,90,83.078,-250
260,90,83.1219,-250
265,90,84.603,-250
270,90,86.63,-250
275,90,87.84,-250
280,90,88.978,-250
285,90,90.762,-250
290,90,92.934,-250
295,90,94.5799,-250
300,90,96.031,-250
305,90,97.5799,-250
310,90,99.215,-250
315,90,100.733,-250
320,90,102.131,-250
325,90,102.887,-250
330,90,102.767,-250
335,90,103.062,-250
340,90,104.281,-250
345,90,105.352,-250
350,90,106.24,-250
355,90,107.172,-250
360,90,108.281,-250
365,90,109.163,-250
370,90,109.608,-250
375,90,110.093,-250
380,90,110.778,-250
385,90,111.258,-250
390,90,111.424,-250
395,90,111.589,-250
400,90,112.025,-250
405,90,112.544,-250
410,90,113.248,-250
415,90,113.952,-250
420,90,114.648,-250
425,90,115.373,-250
430,90,116.233,-250
435,90,117.093,-250
440,90,117.774,-250
445,90,117.926,-250
450,90,116.504,-250
455,90,114.858,-250
460,90,113.164,-250
465,90,111.356,-250
0,95,43.416,-250
5,95,44.012,-250
10,95,44.5539,-250
15,95,45.0959,-250
20,95,45.896,-250
25,95,47.11,-250
30,95,48.323,-77.37
35,95,49.537,-67.74
40,95,50.972,-68.01
45,95,52.436,-76.74
50,95,53.9,-98.59
55,95,55.364,-98.48
60,95,56.995,-109.74
65,95,58.599,-103.64
70,95,60.203,-101.91
75,95,61.807,-103.1
80,95,63.499,-106.09
85,95,65.314,-110.71
90,95,67.13,-124.15
95,95,68.9449,-122.62
100,95,70.714,-122.18
105,95,72.258,-127.49
110,95,73.802,-135.47
115,95,75.345,-137.78
120,95,76.848,-139.33
125,95,78.095,-142.31
130,95,79.342,-149.73
135,95,80.589,-153.41
140,95,81.814,-160.23
145,95,82.723,-164.68
150,95,83.64,-184.29
155,95,84.556,-180.56
160,95,85.473,-193.22
165,95,85.965,-195.2
170,95,86.432,-250
175,95,86.8979,-250
180,95,87.365,-250
185,95,87.5861,-250
190,95,87.7469,-250
195,95,87.908,-250
200,95,88.069,-250
205,95,87.876,-250
210,95,87.566,-250
215,95,87.256,-250
220,95,87.01,-250
225,95,86.847,-250
230,95,86.682,-250
235,95,86.516,-250
240,95,86.323,-250
245,95,86,-250
250,95,85.65,-250
255,95,85.3,-250
260,95,85.1171,-250
265,95,86.599,-250
270,95,87.785,-250
275,95,88.923,-250
280,95,90.0601,-250
285,95,91.844,-250
290,95,93.47,-250
295,95,94.922,-250
300,95,96.373,-250
305,95,97.921,-250
310,95,99.427,-250
315,95,100.825,-250
320,95,102.224,-250
325,95,102.979,-250
330,95,103.341,-250
335,95,104.56,-250
340,95,105.78,-250
345,95,106.828,-250
350,95,107.782,-250
355,95,108.891,-250
360,95,110,-250
365,95,110.837,-250
370,95,111.329,-250
375,95,112.014,-250
380,95,112.699,-250
385,95,113.179,-250
390,95,113.345,-250
395,95,113.787,-250
400,95,114.229,-250
405,95,114.747,-250
410,95,115.451,-250
415,95,116.147,-250
420,95,116.84,-250
425,95,117.566,-250
430,95,118.426,-250
435,95,119.097,-250
440,95,119.609,-250
445,95,119.631,-250
450,95,118.209,-250
455,95,116.787,-250
460,95,115.12,-250
465,95,113.218,-250
0,100,42.965,-250
5,100,44.0131,-250
10,100,44.6009,-250
15,100,45.1431,-250
20,100,45.943,-250
25,100,47.157,-250
30,100,48.37,-61.4
35,100,49.8411,-62.99
40,100,51.369,-71.31
45,100,52.833,-87.34
50,100,54.297,-102.8
55,100,56.037,-87.79
60,100,57.938,-85.08
65,100,59.541,-88.41
70,100,61.146,-93.02
75,100,62.8881,-98.61
80,100,64.8411,-104.79
85,100,66.656,-110.43
90,100,68.472,-122.98
95,100,70.379,-122.42
100,100,72.308,-130.37
105,100,73.852,-132.86
110,100,75.396,-135.43
115,100,77.043,-139.67
120,100,79.008,-145.58
125,100,80.267,-153.39
130,100,81.526,-153.99
135,100,82.785,-167.61
140,100,84.301,-167.95
145,100,85.218,-173.24
150,100,86.136,-183.18
155,100,87.0539,-202.18
160,100,88.152,-202.4
165,100,88.646,-197.02
170,100,89.107,-201.6
175,100,89.569,-250
180,100,90.02,-250
185,100,90.206,-250
190,100,90.3621,-250
195,100,90.5181,-250
200,100,90.534,-250
205,100,90.181,-250
210,100,89.8769,-250
215,100,89.573,-250
220,100,89.269,-250
225,100,89.042,-250
230,100,88.887,-250
235,100,88.732,-250
240,100,88.577,-250
245,100,88.272,-250
250,100,87.928,-250
255,100,87.584,-250
260,100,87.24,-250
265,100,87.9549,-250
270,100,89.072,-250
275,100,90.189,-250
280,100,91.306,-250
285,100,92.468,-250
290,100,93.9029,-250
295,100,95.34,-250
300,100,96.776,-250
305,100,98.141,-250
310,100,99.532,-250
315,100,100.924,-250
320,100,102.316,-250
325,100,103.62,-250
330,100,104.839,-250
335,100,106.059,-250
340,100,107.278,-250
345,100,108.392,-250
350,100,109.501,-250
355,100,110.61,-250
360,100,111.719,-250
365,100,112.564,-250
370,100,113.249,-250
375,100,113.934,-250
380,100,114.619,-250
385,100,115.108,-250
390,100,115.549,-250
395,100,115.991,-250
400,100,116.432,-250
405,100,116.951,-250
410,100,117.646,-250
415,100,118.34,-250
420,100,119.033,-250
425,100,119.759,-250
430,100,120.42,-250
435,100,120.933,-250
440,100,121.445,-250
445,100,121.337,-250
450,100,119.915,-250
455,100,118.493,-250
460,100,117.071,-250
465,100,115.08,-250
0,105,42.514,-250
5,105,43.561,-250
10,105,44.609,-250
15,105,45.1901,-250
20,105,45.99,-250
25,105,47.204,-57.3
30,105,48.683,-57.67
35,105,50.238,-67.92
40,105,51.766,-73.58
45,105,53.23,-67.79
50,105,54.9969,-71.04
55,105,57.007,-77.08
60,105,58.88,-84.46
65,105,60.484,-92.43
70,105,62.2631,-103.06
75,105,64.241,-117.67
80,105,66.183,-124.8
85,105,67.998,-119.97
90,105,69.913,-124.36
95,105,71.973,-120.61
100,105,73.902,-126.69
105,105,75.446,-134.56
110,105,77.108,-135.82
115,105,79.203,-143.01
120,105,81.168,-146.58
125,105,82.427,-162.97
130,105,83.686,-163.46
135,105,85.253,-160.54
140,105,86.7891,-169.89
145,105,87.707,-174.42
150,105,88.625,-169.75
155,105,89.73,-173.41
160,105,90.897,-184.87
165,105,91.391,-189.14
170,105,91.852,-197.24
175,105,92.303,-203.01
180,105,92.745,-250
185,105,92.911,-250
190,105,93.067,-250
195,105,93.05,-250
200,105,92.847,-250
205,105,92.451,-250
210,105,92.0601,-250
215,105,91.756,-250
220,105,91.453,-250
225,105,91.168,-250
230,105,90.947,-250
235,105,90.792,-250
240,105,90.637,-250
245,105,90.3411,-250
250,105,90.006,-250
255,105,89.662,-250
260,105,89.318,-250
265,105,90.033,-250
270,105,91.15,-250
275,105,92.267,-250
280,105,92.602,-250
285,105,93.557,-250
290,105,94.9921,-250
295,105,96.4289,-250
300,105,97.432,-250
305,105,98.561,-250
310,105,99.953,-250
315,105,101.344,-250
320,105,102.61,-250
325,105,103.819,-250
330,105,105.099,-250
335,105,106.378,-250
340,105,107.684,-250
345,105,108.904,-250
350,105,110.044,-250
355,105,111.184,-250
360,105,112.359,-250
365,105,113.361,-250
370,105,114.079,-250
375,105,114.796,-250
380,105,115.517,-250
385,105,116.184,-250
390,105,116.662,-250
395,105,117.14,-250
400,105,117.619,-250
405,105,118.347,-250
410,105,119.1,-250
415,105,119.854,-250
420,105,120.607,-250
425,105,121.359,-250
430,105,121.893,-250
435,105,122.427,-250
440,105,122.961,-250
445,105,123.019,-250
450,105,121.599,-250
455,105,120.178,-250
460,105,118.758,-250
465,105,116.981,-250
0,110,42.063,-250
5,110,43.11,-250
10,110,44.158,-250
15,110,45.2049,-250
20,110,46.037,-250
25,110,47.526,-55.96
30,110,49.0799,-58.38
35,110,50.635,-56.56
40,110,52.163,-65.49
45,110,53.957,-83.44
50,110,55.967,-81.89
55,110,57.9759,-83.25
60,110,59.822,-85.75
65,110,61.637,-91.35
70,110,63.616,-97.13
75,110,65.595,-103.01
80,110,67.525,-108.41
85,110,69.446,-114.17
90,110,71.507,-118.58
95,110,73.567,-123.55
100,110,75.496,-127.41
105,110,77.173,-130.38
110,110,79.2681,-145.94
115,110,81.363,-145.08
120,110,83.328,-144.71
125,110,84.597,-149.6
130,110,86.1689,-162.55
135,110,87.741,-160.06
140,110,89.2779,-163.96
145,110,90.196,-168.5
150,110,91.308,-174.96
155,110,92.474,-178.2
160,110,93.641,-182.54
165,110,94.135,-200.24
170,110,94.5861,-199.64
175,110,95.0279,-202.72
180,110,95.4611,-250
185,110,95.6171,-250
190,110,95.5651,-250
195,110,95.3621,-250
200,110,95.16,-250
205,110,94.749,-250
210,110,94.321,-250
215,110,93.9401,-250
220,110,93.636,-250
225,110,93.352,-250
230,110,93.068,-250
235,110,92.852,-250
240,110,92.697,-250
245,110,92.401,-250
250,110,92.076,-250
255,110,91.741,-250
260,110,91.397,-250
265,110,92.1121,-250
270,110,93.229,-250
275,110,93.537,-250
280,110,93.691,-250
285,110,94.646,-250
290,110,96.081,-250
295,110,97.066,-250
300,110,97.808,-250
305,110,98.9809,-250
310,110,100.373,-250
315,110,101.614,-250
320,110,102.757,-250
325,110,103.975,-250
330,110,105.254,-250
335,110,106.564,-250
340,110,107.902,-250
345,110,109.123,-250
350,110,110.263,-250
355,110,111.442,-250
360,110,112.723,-250
365,110,113.725,-250
370,110,114.442,-250
375,110,115.166,-250
380,110,115.956,-250
385,110,116.623,-250
390,110,117.101,-250
395,110,117.579,-250
400,110,118.322,-250
405,110,119.087,-250
410,110,119.84,-250
415,110,120.593,-250
420,110,121.432,-250
425,110,122.201,-250
430,110,122.736,-250
435,110,123.27,-250
440,110,123.793,-250
445,110,123.899,-250
450,110,123.224,-250
455,110,121.803,-250
460,110,120.383,-250
465,110,118.626,-250
0,115,41.689,-250
5,115,42.734,-250
10,115,43.7779,-250
15,115,44.822,-250
20,115,46.219,-60.79
25,115,47.786,-62.69
30,115,49.347,-60.53
35,115,50.908,-87.05
40,115,52.619,-77.53
45,115,54.667,-68.06
50,115,56.7161,-71.19
55,115,58.764,-78.3
60,115,60.819,-85.62
65,115,62.821,-88.15
70,115,64.822,-94.13
75,115,66.824,-99.39
80,115,68.894,-105.35
85,115,70.974,-111.13
90,115,73.0539,-123.53
95,115,75.134,-146.25
100,115,77.2309,-137.63
105,115,79.333,-137.96
110,115,81.428,-144.25
115,115,83.5229,-149.4
120,115,85.5131,-149.91
125,115,87.0861,-153.25
130,115,88.658,-154.32
135,115,90.23,-160.95
140,115,91.767,-169.11
145,115,92.886,-182.3
150,115,94.052,-182.31
155,115,95.219,-178.25
160,115,96.386,-180.69
165,115,96.868,-184.15
170,115,97.311,-189.3
175,115,97.753,-213.49
180,115,98.167,-250
185,115,98.0799,-250
190,115,97.8769,-250
195,115,97.675,-250
200,115,97.473,-250
205,115,97.046,-250
210,115,96.618,-250
215,115,96.191,-250
220,115,95.8199,-250
225,115,95.535,-250
230,115,95.2519,-250
235,115,94.969,-250
240,115,94.757,-250
245,115,94.4611,-250
250,115,94.136,-250
255,115,93.811,-250
260,115,93.475,-250
265,115,94.1901,-250
270,115,94.473,-250
275,115,94.626,-250
280,115,94.78,-250
285,115,95.734,-250
290,115,96.6999,-250
295,115,97.442,-250
300,115,98.1851,-250
305,115,99.401,-250
310,115,100.619,-250
315,115,101.761,-250
320,115,102.904,-250
325,115,104.131,-250
330,115,105.443,-250
335,115,106.782,-250
340,115,108.121,-250
345,115,109.341,-250
350,115,110.524,-250
355,115,111.805,-250
360,115,113.087,-250
365,115,114.088,-250
370,115,114.814,-250
375,115,115.604,-250
380,115,116.394,-250
385,115,117.061,-250
390,115,117.539,-250
395,115,118.29,-250
400,115,119.062,-250
405,115,119.826,-250
410,115,120.579,-250
415,115,121.431,-250
420,115,122.297,-250
425,115,123.044,-250
430,115,123.578,-250
435,115,124.101,-250
440,115,124.621,-250
445,115,124.726,-250
450,115,124.115,-250
455,115,123.429,-250
460,115,122.008,-250
465,115,120.251,-250
0,120,41.025,-250
5,120,42.433,-250
10,120,43.478,-250
15,120,44.522,-250
20,120,45.975,-49.93
25,120,47.849,-46.76
30,120,49.41,-56.74
35,120,50.9709,-46.25
40,120,52.715,-78.07
45,120,54.7631,-78.08
50,120,56.811,-87.43
55,120,58.963,-82.44
60,120,61.0699,-81.19
65,120,63.071,-83.8
70,120,65.073,-88.14
75,120,67.27,-92.75
80,120,69.559,-98.16
85,120,71.639,-101.68
90,120,73.719,-109.05
95,120,75.964,-114.94
100,120,78.4661,-122.4
105,120,80.5799,-127.64
110,120,82.694,-131.88
115,120,84.8671,-137.81
120,120,87.359,-141.59
125,120,88.96,-151.93
130,120,90.561,-157.36
135,120,92.162,-156.69
140,120,94.296,-166.27
145,120,95.468,-165.26
150,120,96.639,-167.87
155,120,97.811,-171.02
160,120,99.1949,-182.53
165,120,99.636,-194.56
170,120,100.077,-207.38
175,120,100.518,-204.23
180,120,100.818,-209.01
185,120,100.368,-250
190,120,100.166,-250
195,120,99.965,-250
200,120,99.753,-250
205,120,99.256,-250
210,120,98.832,-250
215,120,98.408,-250
220,120,97.984,-250
225,120,97.666,-250
230,120,97.3881,-250
235,120,97.111,-250
240,120,96.834,-250
245,120,96.5181,-250
250,120,96.193,-250
255,120,95.869,-250
260,120,95.5439,-250
265,120,95.488,-250
270,120,95.631,-250
275,120,95.7729,-250
280,120,95.916,-250
285,120,96.418,-250
290,120,97.132,-250
295,120,97.8459,-250
300,120,98.561,-250
305,120,99.624,-250
310,120,100.766,-250
315,120,101.908,-250
320,120,103.05,-250
325,120,104.323,-250
330,120,105.662,-250
335,120,107.001,-250
340,120,108.339,-250
345,120,109.606,-250
350,120,110.888,-250
355,120,112.169,-250
360,120,113.45,-250
365,120,114.462,-250
370,120,115.252,-250
375,120,116.043,-250
380,120,116.833,-250
385,120,117.5,-250
390,120,118.258,-250
395,120,119.031,-250
400,120,119.803,-250
405,120,120.565,-250
410,120,121.43,-250
415,120,122.296,-250
420,120,123.162,-250
425,120,123.886,-250
430,120,124.409,-250
435,120,124.928,-250
440,120,125.448,-250
445,120,125.553,-250
450,120,124.942,-250
455,120,124.332,-250
460,120,123.634,-250
465,120,121.876,-250
0,125,40.36,-250
5,125,41.801,-250
10,125,43.177,-250
15,125,44.222,-250
20,125,45.732,-54.04
25,125,47.626,-70.58
30,125,49.473,-70.3
35,125,51.034,-50.36
40,125,52.811,-65.37
45,125,54.859,-49.79
50,125,57.017,-56.68
55,125,59.213,-77.38
60,125,61.3199,-76.3
65,125,63.322,-81.14
70,125,65.53,-90.27
75,125,67.9351,-109.61
80,125,70.224,-117.71
85,125,72.303,-131.85
90,125,74.564,-119.59
95,125,77.1999,-118
100,125,79.702,-119.3
105,125,81.816,-125.49
110,125,84.004,-132.41
115,125,86.659,-133.05
120,125,89.15,-144.16
125,125,90.751,-143.12
130,125,92.353,-148.6
135,125,94.654,-158.6
140,125,96.8199,-166.69
145,125,97.9921,-163.61
150,125,99.163,-169.67
155,125,100.584,-178.43
160,125,101.987,-177.47
165,125,102.428,-183.42
170,125,102.869,-187.78
175,125,103.323,-196.57
180,125,103.627,-202.15
185,125,102.878,-250
190,125,102.436,-250
195,125,102.234,-250
200,125,102.023,-250
205,125,101.444,-250
210,125,100.949,-250
215,125,100.525,-250
220,125,100.101,-250
225,125,99.738,-250
230,125,99.432,-250
235,125,99.155,-250
240,125,98.8769,-250
245,125,98.564,-250
250,125,98.2421,-250
255,125,97.917,-250
260,125,97.592,-250
265,125,97.2729,-250
270,125,97.256,-250
275,125,97.399,-250
280,125,97.541,-250
285,125,98.082,-250
290,125,98.796,-250
295,125,99.51,-250
300,125,99.655,-250
305,125,100.557,-250
310,125,101.682,-250
315,125,102.807,-250
320,125,103.42,-250
325,125,104.451,-250
330,125,105.794,-250
335,125,107.137,-250
340,125,108.402,-250
345,125,109.622,-250
350,125,110.912,-250
355,125,112.204,-250
360,125,113.495,-250
365,125,114.645,-250
370,125,115.467,-250
375,125,116.264,-250
380,125,117.062,-250
385,125,117.855,-250
390,125,118.642,-250
395,125,119.429,-250
400,125,120.225,-250
405,125,121.12,-250
410,125,121.999,-250
415,125,122.879,-250
420,125,123.758,-250
425,125,124.488,-250
430,125,125.033,-250
435,125,125.577,-250
440,125,126.122,-250
445,125,126.301,-250
450,125,125.698,-250
455,125,125.094,-250
460,125,124.491,-250
465,125,123.463,-250
0,130,39.6949,-250
5,130,41.136,-250
10,130,42.577,-250
15,130,43.921,-250
20,130,45.488,-60.06
25,130,47.383,-67.61
30,130,49.277,-57.13
35,130,51.097,-64.41
40,130,52.906,-57.04
45,130,55.072,-74.69
50,130,57.2681,-57.37
55,130,59.464,-56.95
60,130,61.571,-63.57
65,130,63.79,-93.36
70,130,66.194,-82.15
75,130,68.599,-86.64
80,130,70.8881,-93.19
85,130,73.1641,-99.83
90,130,75.7989,-110.25
95,130,78.4351,-126.52
100,130,80.938,-140.03
105,130,83.14,-139.52
110,130,85.795,-142.36
115,130,88.4499,-139.31
120,130,90.942,-145.51
125,130,92.543,-150.88
130,130,94.883,-152.33
135,130,97.261,-153.13
140,130,99.345,-170.21
145,130,100.516,-167.74
150,130,101.972,-176.42
155,130,103.444,-172.76
160,130,104.778,-172.14
165,130,105.219,-191.32
170,130,105.674,-187.2
175,130,106.132,-197.29
180,130,106.436,-199.5
185,130,105.687,-250
190,130,104.938,-250
195,130,104.504,-250
200,130,104.292,-250
205,130,103.713,-250
210,130,103.134,-250
215,130,102.641,-250
220,130,102.217,-250
225,130,101.854,-250
230,130,101.496,-250
235,130,101.198,-250
240,130,100.921,-250
245,130,100.605,-250
250,130,100.288,-250
255,130,99.965,-250
260,130,99.641,-250
265,130,99.322,-250
270,130,99.004,-250
275,130,99.024,-250
280,130,99.167,-250
285,130,99.746,-250
290,130,100.46,-250
295,130,100.586,-250
300,130,100.605,-250
305,130,101.507,-250
310,130,102.632,-250
315,130,103.222,-250
320,130,103.535,-250
325,130,104.566,-250
330,130,105.909,-250
335,130,107.164,-250
340,130,108.298,-250
345,130,109.518,-250
350,130,110.797,-250
355,130,112.088,-250
360,130,113.379,-250
365,130,114.511,-250
370,130,115.54,-250
375,130,116.344,-250
380,130,117.142,-250
385,130,117.934,-250
390,130,118.721,-250
395,130,119.52,-250
400,130,120.436,-250
405,130,121.331,-250
410,130,122.21,-250
415,130,123.09,-250
420,130,123.984,-250
425,130,124.716,-250
430,130,125.261,-250
435,130,125.805,-250
440,130,126.333,-250
445,130,126.539,-250
450,130,126.166,-250
455,130,125.563,-250
460,130,124.959,-250
465,130,124.059,-250
0,135,39.058,-250
5,135,40.498,-250
10,135,41.937,-250
15,135,43.3769,-93.84
20,135,45.16,-68.32
25,135,47.059,-70.22
30,135,48.958,-69.97
35,135,50.858,-70.57
40,135,52.984,-77.06
45,135,55.203,-68.29
50,135,57.422,-74.04
55,135,59.641,-73.13
60,135,61.977,-66.94
65,135,64.397,-69.82
70,135,66.817,-73.72
75,135,69.2371,-97.25
80,135,71.744,-95.03
85,135,74.399,-99.04
90,135,77.035,-105.64
95,135,79.671,-111.19
100,135,82.277,-116.85
105,135,84.932,-125.91
110,135,87.587,-132.79
115,135,90.2421,-139.87
120,135,92.734,-149.23
125,135,95.1121,-157.23
130,135,97.489,-160.83
135,135,99.8671,-162.81
140,135,101.889,-166.39
145,135,103.361,-183.06
150,135,104.833,-174.55
155,135,106.304,-184.87
160,135,107.569,-177.51
165,135,108.025,-181.22
170,135,108.483,-191.32
175,135,108.941,-193.59
180,135,109.245,-199.93
185,135,108.496,-250
190,135,107.747,-250
195,135,106.998,-250
200,135,106.562,-250
205,135,105.982,-250
210,135,105.403,-250
215,135,104.824,-250
220,135,104.334,-250
225,135,103.971,-250
230,135,103.613,-250
235,135,103.255,-250
240,135,102.963,-250
245,135,102.646,-250
250,135,102.329,-250
255,135,102.012,-250
260,135,101.689,-250
265,135,101.371,-250
270,135,101.053,-250
275,135,100.735,-250
280,135,100.792,-250
285,135,101.41,-250
290,135,101.517,-250
295,135,101.536,-250
300,135,101.555,-250
305,135,102.457,-250
310,135,103.025,-250
315,135,103.338,-250
320,135,103.651,-250
325,135,104.681,-250
330,135,105.925,-250
335,135,107.059,-250
340,135,108.193,-250
345,135,109.414,-250
350,135,110.693,-250
355,135,111.973,-250
360,135,113.264,-250
365,135,114.378,-250
370,135,115.407,-250
375,135,116.424,-250
380,135,117.221,-250
385,135,118.013,-250
390,135,118.816,-250
395,135,119.731,-250
400,135,120.647,-250
405,135,121.542,-250
410,135,122.421,-250
415,135,123.316,-250
420,135,124.212,-250
425,135,124.944,-250
430,135,125.489,-250
435,135,126.015,-250
440,135,126.533,-250
445,135,126.74,-250
450,135,126.408,-250
455,135,126.031,-250
460,135,125.428,-250
465,135,124.528,-250
0,140,38.338,-250
5,140,39.896,-250
10,140,41.335,-250
15,140,42.775,-92.74
20,140,44.593,-76.03
25,140,46.571,-72.04
30,140,48.4709,-82.18
35,140,50.37,-72.05
40,140,52.55,-89.86
45,140,54.8931,-81.54
50,140,57.1121,-79.25
55,140,59.331,-79.03
60,140,61.7519,-113.16
65,140,64.3249,-81.22
70,140,66.745,-79.69
75,140,69.165,-82.7
80,140,71.671,-85.55
85,140,74.334,-98.69
90,140,76.9969,-107.95
95,140,79.766,-110.32
100,140,82.7681,-115.86
105,140,85.452,-119.58
110,140,88.136,-127.54
115,140,90.849,-133.14
120,140,93.732,-140.52
125,140,96.152,-150.24
130,140,98.572,-159.18
135,140,101.047,-163.35
140,140,103.494,-171.35
145,140,105.035,-178.86
150,140,106.575,-190.12
155,140,108.116,-196.25
160,140,109.856,-192.21
165,140,110.332,-186.22
170,140,110.809,-192.58
175,140,111.285,-207.59
180,140,111.676,-203.25
185,140,110.923,-250
190,140,110.19,-250
195,140,109.457,-250
200,140,108.744,-250
205,140,108.242,-250
210,140,107.663,-250
215,140,107.085,-250
220,140,106.506,-250
225,140,106.221,-250
230,140,105.843,-250
235,140,105.465,-250
240,140,105.087,-250
245,140,104.756,-250
250,140,104.43,-250
255,140,104.103,-250
260,140,103.777,-250
265,140,103.436,-250
270,140,103.113,-250
275,140,102.79,-250
280,140,102.467,-250
285,140,102.447,-250
290,140,102.467,-250
295,140,102.486,-250
300,140,102.506,-250
305,140,102.827,-250
310,140,103.14,-250
315,140,103.453,-250
320,140,103.766,-250
325,140,104.687,-250
330,140,105.821,-250
335,140,106.955,-250
340,140,108.089,-250
345,140,109.309,-250
350,140,110.588,-250
355,140,111.867,-250
360,140,113.148,-250
365,140,114.245,-250
370,140,115.274,-250
375,140,116.303,-250
380,140,117.301,-250
385,140,118.111,-250
390,140,119.026,-250
395,140,119.942,-250
400,140,120.858,-250
405,140,121.753,-250
410,140,122.648,-250
415,140,123.544,-250
420,140,124.441,-250
425,140,125.172,-250
430,140,125.697,-250
435,140,126.215,-250
440,140,126.733,-250
445,140,126.94,-250
450,140,126.609,-250
455,140,126.277,-250
460,140,125.897,-250
465,140,124.996,-250
0,145,37.6071,-250
5,145,39.186,-250
10,145,40.733,-250
15,145,42.173,-97.88
20,145,43.991,-81.93
25,145,46.006,-77.45
30,145,47.983,-85.68
35,145,49.882,-85.43
40,145,52.062,-78.68
45,145,54.465,-90.48
50,145,56.802,-88.87
55,145,59.021,-89.8
60,145,61.441,-86.52
65,145,64.102,-94.76
70,145,66.672,-97.67
75,145,69.092,-91.99
80,145,71.598,-92.44
85,145,74.261,-96.46
90,145,77.0439,-99.13
95,145,80.194,-104.67
100,145,83.1641,-134.3
105,145,85.848,-124.01
110,145,88.593,-127.16
115,145,91.6009,-132.12
120,145,94.4449,-137.36
125,145,96.865,-144.22
130,145,99.353,-152.69
135,145,102.242,-159.16
140,145,104.689,-164.03
145,145,106.23,-169.01
150,145,107.771,-184.2
155,145,109.948,-194.62
160,145,111.79,-187.25
165,145,112.266,-184.77
170,145,112.742,-194.77
175,145,113.316,-201.27
180,145,113.758,-211.8
185,145,112.967,-250
190,145,112.219,-250
195,145,111.486,-250
200,145,110.797,-250
205,145,110.427,-250
210,145,109.909,-250
215,145,109.33,-250
220,145,108.76,-250
225,145,108.685,-250
230,145,108.401,-250
235,145,108.023,-250
240,145,107.645,-250
245,145,107.259,-250
250,145,106.929,-250
255,145,106.603,-250
260,145,106.277,-250
265,145,105.74,-250
270,145,105.401,-250
275,145,105.078,-250
280,145,104.756,-250
285,145,104.092,-250
290,145,104.033,-250
295,145,104.04,-250
300,145,104.046,-250
305,145,104.272,-250
310,145,104.554,-250
315,145,104.837,-250
320,145,104.768,-250
325,145,105.498,-250
330,145,106.585,-250
335,145,107.672,-250
340,145,108.496,-250
345,145,109.423,-250
350,145,110.694,-250
355,145,111.966,-250
360,145,113.141,-250
365,145,114.164,-250
370,145,115.191,-250
375,145,116.218,-250
380,145,117.268,-250
385,145,118.265,-250
390,145,119.182,-250
395,145,120.101,-250
400,145,121.019,-250
405,145,121.924,-250
410,145,122.823,-250
415,145,123.722,-250
420,145,124.621,-250
425,145,125.273,-250
430,145,125.806,-250
435,145,126.338,-250
440,145,126.871,-250
445,145,127.081,-250
450,145,126.758,-250
455,145,126.436,-250
460,145,126.113,-250
465,145,125.472,-250
0,150,36.876,-250
5,150,38.4549,-250
10,150,40.035,-250
15,150,41.571,-99.75
20,150,43.389,-86.8
25,150,45.404,-85.18
30,150,47.4189,-93.87
35,150,49.394,-103.16
40,150,51.574,-88.4
45,150,53.977,-89.33
50,150,56.38,-98.65
55,150,58.71,-100.83
60,150,61.131,-98.21
65,150,63.792,-95.9
70,150,66.453,-100.36
75,150,69.019,-130.32
80,150,71.525,-105.46
85,150,74.321,-104.48
90,150,77.472,-104.03
95,150,80.6219,-107.94
100,150,83.561,-110.97
105,150,86.3361,-116.6
110,150,89.345,-131.72
115,150,92.354,-140.51
120,150,95.158,-141.39
125,150,97.659,-146.19
130,150,100.548,-150.43
135,150,103.437,-155.75
140,150,105.884,-158.88
145,150,107.425,-164.74
150,150,109.637,-173.08
155,150,111.881,-180.06
160,150,113.723,-186.6
165,150,114.199,-182.4
170,150,114.778,-195.27
175,150,115.398,-202.42
180,150,115.839,-207.98
185,150,115.049,-214.94
190,150,114.258,-250
195,150,113.515,-250
200,150,112.85,-250
205,150,112.481,-250
210,150,112.111,-250
215,150,111.575,-250
220,150,111.039,-250
225,150,110.964,-250
230,150,110.89,-250
235,150,110.581,-250
240,150,110.203,-250
245,150,109.817,-250
250,150,109.431,-250
255,150,109.102,-250
260,150,108.776,-250
265,150,108.239,-250
270,150,107.702,-250
275,150,107.367,-250
280,150,107.044,-250
285,150,106.38,-250
290,150,105.677,-250
295,150,105.629,-250
300,150,105.635,-250
305,150,105.862,-250
310,150,106.144,-250
315,150,106.058,-250
320,150,105.705,-250
325,150,106.532,-250
330,150,107.619,-250
335,150,108.35,-250
340,150,108.662,-250
345,150,109.653,-250
350,150,110.924,-250
355,150,112.092,-250
360,150,113.099,-250
365,150,114.122,-250
370,150,115.149,-250
375,150,116.202,-250
380,150,117.359,-250
385,150,118.356,-250
390,150,119.274,-250
395,150,120.192,-250
400,150,121.104,-250
405,150,122.009,-250
410,150,122.908,-250
415,150,123.807,-250
420,150,124.621,-250
425,150,125.229,-250
430,150,125.659,-250
435,150,126.192,-250
440,150,126.724,-250
445,150,126.877,-250
450,150,126.554,-250
455,150,126.231,-250
460,150,125.922,-250
465,150,125.435,-250
0,155,36.058,-250
5,155,37.6431,-250
10,155,39.227,-250
15,155,40.812,-107.7
20,155,42.779,-92.52
25,155,44.795,-86.64
30,155,46.811,-95.43
35,155,48.826,-110.66
40,155,51.0699,-105.59
45,155,53.477,-93.12
50,155,55.883,-100.2
55,155,58.29,-107.29
60,155,60.818,-111.82
65,155,63.482,-106.67
70,155,66.1431,-104.94
75,155,68.8039,-107.94
80,155,71.599,-118.79
85,155,74.749,-124.84
90,155,77.9,-113.43
95,155,81.05,-114.12
100,155,84.0799,-116.99
105,155,87.089,-120.68
110,155,90.098,-123.82
115,155,93.1059,-128.86
120,155,95.964,-138.56
125,155,98.854,-161.08
130,155,101.743,-160.18
135,155,104.632,-160.3
140,155,107.082,-172.85
145,155,109.326,-165.96
150,155,111.57,-184.93
155,155,113.815,-185.32
160,155,115.657,-182.29
165,155,116.239,-184.88
170,155,116.859,-187.86
175,155,117.479,-197.58
180,155,117.92,-202.2
185,155,117.13,-205.71
190,155,116.34,-250
195,155,115.549,-250
200,155,114.904,-250
205,155,114.534,-250
210,155,114.164,-250
215,155,113.794,-250
220,155,113.318,-250
225,155,113.243,-250
230,155,113.169,-250
235,155,113.094,-250
240,155,112.761,-250
245,155,112.375,-250
250,155,111.989,-250
255,155,111.604,-250
260,155,111.276,-250
265,155,110.739,-250
270,155,110.202,-250
275,155,109.665,-250
280,155,109.332,-250
285,155,108.668,-250
290,155,107.966,-250
295,155,107.263,-250
300,155,107.225,-250
305,155,107.451,-250
310,155,107.348,-250
315,155,106.995,-250
320,155,106.642,-250
325,155,107.565,-250
330,155,108.204,-250
335,155,108.516,-250
340,155,108.827,-250
345,155,109.883,-250
350,155,111.044,-250
355,155,112.051,-250
360,155,113.058,-250
365,155,114.08,-250
370,155,115.137,-250
375,155,116.294,-250
380,155,117.451,-250
385,155,118.448,-250
390,155,119.365,-250
395,155,120.278,-250
400,155,121.19,-250
405,155,122.095,-250
410,155,122.994,-250
415,155,123.805,-250
420,155,124.602,-250
425,155,125.209,-250
430,155,125.601,-250
435,155,126.045,-250
440,155,126.577,-250
445,155,126.673,-250
450,155,126.35,-250
455,155,126.043,-250
460,155,125.75,-250
465,155,125.225,-250
0,160,35.063,-250
5,160,36.666,-250
10,160,38.251,-250
15,160,39.8361,-112.98
20,160,41.953,-100.52
25,160,44.167,-93.68
30,160,46.183,-93.9
35,160,48.198,-115.52
40,160,50.479,-121.98
45,160,52.899,-102.18
50,160,55.306,-101.26
55,160,57.712,-113.47
60,160,60.316,-113.08
65,160,63.037,-128.34
70,160,65.701,-115.92
75,160,68.364,-113.92
80,160,71.16,-115.78
85,160,74.233,-121.01
90,160,77.406,-136.62
95,160,80.579,-127.04
100,160,83.6219,-125.09
105,160,86.625,-125.89
110,160,89.6641,-128.16
115,160,92.703,-131.68
120,160,95.694,-135.74
125,160,98.621,-138.64
130,160,101.55,-146.99
135,160,104.479,-162.59
140,160,107.417,-166.78
145,160,109.932,-171.27
150,160,112.263,-186.93
155,160,114.593,-183.05
160,160,116.488,-178.17
165,160,117.157,-188.02
170,160,117.826,-184.21
175,160,118.495,-194.28
180,160,119.729,-199.16
185,160,119.27,-202.47
190,160,118.476,-250
195,160,117.683,-250
200,160,117.065,-250
205,160,116.696,-250
210,160,116.319,-250
215,160,115.942,-250
220,160,115.631,-250
225,160,115.555,-250
230,160,115.478,-250
235,160,115.401,-250
240,160,115.336,-250
245,160,114.973,-250
250,160,114.575,-250
255,160,114.177,-250
260,160,113.779,-250
265,160,113.238,-250
270,160,112.701,-250
275,160,112.164,-250
280,160,111.627,-250
285,160,110.957,-250
290,160,110.254,-250
295,160,109.551,-250
300,160,108.848,-250
305,160,108.638,-250
310,160,108.285,-250
315,160,107.932,-250
320,160,107.579,-250
325,160,108.058,-250
330,160,108.37,-250
335,160,108.682,-250
340,160,108.993,-250
345,160,109.995,-250
350,160,111.002,-250
355,160,112.009,-250
360,160,113.016,-250
365,160,114.072,-250
370,160,115.229,-250
375,160,116.385,-250
380,160,117.542,-250
385,160,118.539,-250
390,160,119.451,-250
395,160,120.363,-250
400,160,121.276,-250
405,160,122.181,-250
410,160,122.989,-250
415,160,123.785,-250
420,160,124.582,-250
425,160,125.189,-250
430,160,125.581,-250
435,160,125.973,-250
440,160,126.431,-250
445,160,126.469,-250
450,160,126.165,-250
455,160,125.871,-250
460,160,125.578,-250
465,160,125.015,-250
0,165,34.056,-250
5,165,35.672,-250
10,165,37.275,-250
15,165,38.859,-118.84
20,165,40.9759,-109.05
25,165,43.371,-102.7
30,165,45.555,-101.64
35,165,47.5699,-107.71
40,165,49.879,-121.58
45,165,52.3101,-116.09
50,165,54.728,-107.15
55,165,57.135,-109.63
60,165,59.764,-132.07
65,165,62.5439,-132.47
70,165,65.256,-148.83
75,165,67.92,-124.87
80,165,70.7371,-122.89
85,165,73.715,-124.06
90,165,76.803,-127.31
95,165,79.9759,-137.35
100,165,83.019,-142.06
105,165,85.946,-138.31
110,165,88.951,-135.88
115,165,91.99,-136.81
120,165,94.98,-140.59
125,165,97.905,-143.53
130,165,100.833,-146.93
135,165,103.762,-149.74
140,165,106.7,-157.66
145,165,109.656,-172.26
150,165,112.11,-181.55
155,165,114.44,-189.43
160,165,116.224,-177.51
165,165,116.892,-186.68
170,165,117.561,-183.1
175,165,119.172,-189.53
180,165,120.829,-197.48
185,165,121.255,-201.29
190,165,120.698,-250
195,165,119.905,-250
200,165,119.287,-250
205,165,119.08,-250
210,165,118.708,-250
215,165,118.332,-250
220,165,118.02,-250
225,165,117.97,-250
230,165,117.894,-250
235,165,117.817,-250
240,165,117.753,-250
245,165,117.809,-250
250,165,117.43,-250
255,165,117.032,-250
260,165,116.634,-250
265,165,115.552,-250
270,165,115.019,-250
275,165,114.486,-250
280,165,113.953,-250
285,165,112.959,-250
290,165,112.262,-250
295,165,111.566,-250
300,165,110.87,-250
305,165,109.884,-250
310,165,109.522,-250
315,165,109.161,-250
320,165,108.8,-250
325,165,109.045,-250
330,165,109.309,-250
335,165,109.574,-250
340,165,109.6,-250
345,165,110.431,-250
350,165,111.421,-250
355,165,112.411,-250
360,165,113.309,-250
365,165,114.349,-250
370,165,115.498,-250
375,165,116.647,-250
380,165,117.775,-250
385,165,118.692,-250
390,165,119.601,-250
395,165,120.51,-250
400,165,121.419,-250
405,165,122.283,-250
410,165,123.073,-250
415,165,123.862,-250
420,165,124.651,-250
425,165,125.218,-250
430,165,125.6,-250
435,165,125.982,-250
440,165,126.365,-250
445,165,126.301,-250
450,165,126.003,-250
455,165,125.705,-250
460,165,125.407,-250
465,165,124.804,-250
0,170,33.048,-250
5,170,34.6641,-250
10,170,36.28,-250
15,170,37.8831,-124.81
20,170,40,-118.37
25,170,42.394,-112.99
30,170,44.7891,-110.69
35,170,46.942,-114.68
40,170,49.279,-122.13
45,170,51.71,-136.6
50,170,54.141,-118.35
55,170,56.557,-113.49
60,170,59.212,-118.18
65,170,61.9921,-126.6
70,170,64.7729,-134.61
75,170,67.475,-140.11
80,170,70.313,-134.61
85,170,73.291,-130.33
90,170,76.269,-131.19
95,170,79.373,-135.27
100,170,82.416,-139.72
105,170,85.343,-149.68
110,170,88.27,-144.82
115,170,91.276,-144.57
120,170,94.266,-147.29
125,170,97.192,-149.86
130,170,100.117,-153.1
135,170,103.044,-157.01
140,170,105.982,-158.52
145,170,108.939,-162.15
150,170,111.895,-167.1
155,170,114.287,-175.55
160,170,115.959,-181.7
165,170,116.628,-188.91
170,170,118.366,-189
175,170,120.379,-191.27
180,170,121.93,-198.23
185,170,122.356,-202.18
190,170,122.781,-206.28
195,170,122.127,-250
200,170,121.509,-250
205,170,121.302,-250
210,170,121.094,-250
215,170,120.721,-250
220,170,120.409,-250
225,170,120.359,-250
230,170,120.31,-250
235,170,120.233,-250
240,170,120.169,-250
245,170,120.225,-250
250,170,120.282,-250
255,170,119.887,-250
260,170,119.489,-250
265,170,118.367,-250
270,170,117.331,-250
275,170,116.798,-250
280,170,116.251,-250
285,170,115.223,-250
290,170,114.235,-250
295,170,113.539,-250
300,170,112.843,-250
305,170,111.817,-250
310,170,110.834,-250
315,170,110.473,-250
320,170,110.112,-250
325,170,110.357,-250
330,170,110.621,-250
335,170,110.623,-250
340,170,110.398,-250
345,170,111.229,-250
350,170,112.219,-250
355,170,113.102,-250
360,170,113.782,-250
365,170,114.823,-250
370,170,115.971,-250
375,170,117.094,-250
380,170,118.029,-250
385,170,118.947,-250
390,170,119.855,-250
395,170,120.764,-250
400,170,121.751,-250
405,170,122.609,-250
410,170,123.399,-250
415,170,124.188,-250
420,170,124.893,-250
425,170,125.413,-250
430,170,125.795,-250
435,170,126.177,-250
440,170,126.487,-250
445,170,126.376,-250
450,170,126.062,-250
455,170,125.765,-250
460,170,125.466,-250
465,170,124.873,-250
0,175,32.0489,-250
5,175,33.6641,-250
10,175,35.28,-250
15,175,36.895,-130.39
20,175,38.995,-123.55
25,175,41.3931,-119.39
30,175,43.791,-119.33
35,175,46.188,-124.11
40,175,48.628,-130.39
45,175,51.069,-131.29
50,175,53.51,-132.15
55,175,55.951,-122.89
60,175,58.654,-120.58
65,175,61.4401,-125.04
70,175,64.2209,-133.15
75,175,67.001,-140.2
80,175,69.889,-144.97
85,175,72.8671,-139.65
90,175,75.8459,-137.96
95,175,78.824,-139.25
100,175,81.813,-142.6
105,175,84.74,-145.12
110,175,87.667,-153.11
115,175,90.593,-168.25
120,175,93.553,-157.42
125,175,96.478,-155.59
130,175,99.4029,-159.03
135,175,102.328,-159.01
140,175,105.265,-164.18
145,175,108.222,-169.15
150,175,111.178,-173.2
155,175,114.134,-176.59
160,175,115.694,-177.11
165,175,117.562,-179.84
170,175,119.574,-199.18
175,175,121.586,-196.09
180,175,123.031,-198.63
185,175,123.457,-202.05
190,175,123.882,-206.73
195,175,124.308,-250
200,175,123.731,-250
205,175,123.524,-250
210,175,123.317,-250
215,175,123.109,-250
220,175,122.798,-250
225,175,122.749,-250
230,175,122.699,-250
235,175,122.649,-250
240,175,122.585,-250
245,175,122.642,-250
250,175,122.698,-250
255,175,122.742,-250
260,175,122.344,-250
265,175,121.222,-250
270,175,120.099,-250
275,175,119.11,-250
280,175,118.53,-250
285,175,117.501,-250
290,175,116.473,-250
295,175,115.512,-250
300,175,114.816,-250
305,175,113.766,-250
310,175,112.712,-250
315,175,111.785,-250
320,175,111.423,-250
325,175,111.669,-250
330,175,111.646,-250
335,175,111.421,-250
340,175,111.196,-250
345,175,112.027,-250
350,175,112.895,-250
355,175,113.575,-250
360,175,114.255,-250
365,175,115.296,-250
370,175,116.412,-250
375,175,117.348,-250
380,175,118.283,-250
385,175,119.201,-250
390,175,120.109,-250
395,175,121.098,-250
400,175,122.09,-250
405,175,122.935,-250
410,175,123.725,-250
415,175,124.42,-250
420,175,125.109,-250
425,175,125.608,-250
430,175,125.99,-250
435,175,126.295,-250
440,175,126.584,-250
445,175,126.473,-250
450,175,126.138,-250
455,175,125.824,-250
460,175,125.526,-250
465,175,124.933,-250
0,180,31.056,-250
5,180,32.683,-250
10,180,34.2989,-250
15,180,35.9141,-135.08
20,180,37.962,-127.59
25,180,40.27,-123.47
30,180,42.668,-122.33
35,180,45.066,-125.78
40,180,47.537,-139.18
45,180,49.99,-141.8
50,180,52.432,-151.67
55,180,54.8719,-133.41
60,180,57.459,-127.44
65,180,60.222,-126.9
70,180,63.031,-130.63
75,180,65.839,-138.26
80,180,68.6171,-145.59
85,180,71.563,-146.13
90,180,74.563,-157.1
95,180,77.563,-149.04
100,180,80.739,-148.57
105,180,83.753,-148.81
110,180,86.6901,-155.03
115,180,89.628,-160.25
120,180,92.573,-168.4
125,180,95.51,-173.25
130,180,98.443,-168.98
135,180,101.376,-177.14
140,180,104.288,-170.78
145,180,107.241,-175.03
150,180,110.219,-176.76
155,180,113.196,-179.68
160,180,115.938,-179.62
165,180,117.99,-182.65
170,180,120.041,-192.4
175,180,122.092,-197.95
180,180,123.932,-218.21
185,180,124.369,-203
190,180,124.807,-206.97
195,180,125.244,-250
200,180,125.499,-250
205,180,125.327,-250
210,180,125.154,-250
215,180,124.982,-250
220,180,125.091,-250
225,180,125.052,-250
230,180,125.013,-250
235,180,124.974,-250
240,180,124.971,-250
245,180,125.04,-250
250,180,125.109,-250
255,180,125.171,-250
260,180,125.199,-250
265,180,124.077,-250
270,180,122.954,-250
275,180,121.83,-250
280,180,120.809,-250
285,180,119.781,-250
290,180,118.752,-250
295,180,117.723,-250
300,180,116.77,-250
305,180,115.715,-250
310,180,114.661,-250
315,180,113.607,-250
320,180,112.735,-250
325,180,112.67,-250
330,180,112.445,-250
335,180,112.22,-250
340,180,111.995,-250
345,180,112.688,-250
350,180,113.368,-250
355,180,114.049,-250
360,180,114.729,-250
365,180,115.731,-250
370,180,116.667,-250
375,180,117.602,-250
380,180,118.537,-250
385,180,119.455,-250
390,180,120.446,-250
395,180,121.438,-250
400,180,122.43,-250
405,180,123.259,-250
410,180,123.947,-250
415,180,124.635,-250
420,180,125.324,-250
425,180,125.803,-250
430,180,126.103,-250
435,180,126.392,-250
440,180,126.681,-250
445,180,126.57,-250
450,180,126.234,-250
455,180,125.899,-250
460,180,125.586,-250
465,180,124.992,-250
0,185,30.0489,-250
5,185,31.693,-250
10,185,33.318,-250
15,185,34.933,-140.63
20,185,37.021,-132.64
25,185,39.222,-127.89
30,185,41.546,-125.87
35,185,43.943,-126.85
40,185,46.4141,-131.57
45,185,48.901,-149.53
50,185,51.353,-146.74
55,185,53.7939,-147.89
60,185,56.381,-135.71
65,185,59.021,-139.23
70,185,61.7891,-134.55
75,185,64.598,-142.96
80,185,67.376,-146.09
85,185,70.136,-152.92
90,185,73.085,-153.53
95,185,76.085,-172.91
100,185,79.262,-153.53
105,185,82.5959,-155.65
110,185,85.577,-158.67
115,185,88.515,-164.5
120,185,91.4611,-173.76
125,185,94.415,-171.55
130,185,97.3509,-175.04
135,185,100.284,-178.96
140,185,103.192,-179.46
145,185,106.067,-175.64
150,185,109.028,-182.83
155,185,112.006,-182.55
160,185,114.781,-185.73
165,185,117.313,-192.07
170,185,119.364,-195.02
175,185,121.416,-203.46
180,185,123.312,-214.15
185,185,124.902,-215.29
190,185,125.34,-211.17
195,185,125.777,-213.82
200,185,126.032,-250
205,185,125.86,-250
210,185,125.687,-250
215,185,126.065,-250
220,185,126.963,-250
225,185,126.924,-250
230,185,126.885,-250
235,185,126.902,-250
240,185,127.079,-250
245,185,127.148,-250
250,185,127.217,-250
255,185,127.279,-250
260,185,127.125,-250
265,185,125.981,-250
270,185,124.88,-250
275,185,123.78,-250
280,185,122.625,-250
285,185,121.341,-250
290,185,120.331,-250
295,185,119.32,-250
300,185,118.283,-250
305,185,117.015,-250
310,185,115.979,-250
315,185,114.943,-250
320,185,113.906,-250
325,185,113.532,-250
330,185,113.305,-250
335,185,113.078,-250
340,185,112.851,-250
345,185,113.431,-250
350,185,114.091,-250
355,185,114.751,-250
360,185,115.348,-250
365,185,116.168,-250
370,185,117.094,-250
375,185,118.02,-250
380,185,118.947,-250
385,185,119.916,-250
390,185,120.9,-250
395,185,121.883,-250
400,185,122.858,-250
405,185,123.573,-250
410,185,124.253,-250
415,185,124.933,-250
420,185,125.613,-250
425,185,125.971,-250
430,185,126.242,-250
435,185,126.514,-250
440,185,126.785,-250
445,185,126.667,-250
450,185,126.331,-250
455,185,125.995,-250
460,185,125.66,-250
465,185,125.052,-250
0,190,29.042,-250
5,190,30.686,-250
10,190,32.329,-250
15,190,33.953,-145.46
20,190,36.079,-138.7
25,190,38.28,-133.38
30,190,40.4809,-131.02
35,190,42.821,-130.72
40,190,45.292,-133.36
45,190,47.7779,-141.59
50,190,50.264,-153.1
55,190,52.7161,-156.07
60,190,55.303,-151.9
65,190,57.943,-140.13
70,190,60.583,-138.26
75,190,63.357,-148.74
80,190,66.135,-158.94
85,190,68.895,-154.87
90,190,71.655,-157.98
95,190,74.607,-163.88
100,190,77.784,-167.72
105,190,81.118,-167.91
110,190,84.452,-167.8
115,190,87.402,-170.59
120,190,90.349,-172.62
125,190,93.303,-183.94
130,190,96.257,-177.12
135,190,99.192,-182.89
140,190,102.095,-182.31
145,190,104.971,-185.13
150,190,107.846,-184.39
155,190,110.816,-191.13
160,190,113.591,-190.71
165,190,116.163,-194.96
170,190,118.688,-201.39
175,190,120.739,-206.23
180,190,122.636,-212.18
185,190,124.3,-250
190,190,125.873,-250
195,190,126.31,-250
200,190,126.565,-250
205,190,126.392,-250
210,190,126.806,-250
215,190,127.937,-250
220,190,128.835,-250
225,190,128.796,-250
230,190,128.819,-250
235,190,129.019,-250
240,190,129.188,-250
245,190,129.257,-250
250,190,129.3,-250
255,190,129.21,-250
260,190,128.985,-250
265,190,127.833,-250
270,190,126.693,-250
275,190,125.593,-250
280,190,124.438,-250
285,190,123.018,-250
290,190,121.74,-250
295,190,120.73,-250
300,190,119.693,-250
305,190,118.318,-250
310,190,117.055,-250
315,190,116.019,-250
320,190,114.982,-250
325,190,114.54,-250
330,190,114.2,-250
335,190,113.973,-250
340,190,113.746,-250
345,190,114.385,-250
350,190,115.045,-250
355,190,115.611,-250
360,190,116.012,-250
365,190,116.867,-250
370,190,117.793,-250
375,190,118.721,-250
380,190,119.659,-250
385,190,120.631,-250
390,190,121.614,-250
395,190,122.587,-250
400,190,123.489,-250
405,190,124.204,-250
410,190,124.884,-250
415,190,125.564,-250
420,190,126.144,-250
425,190,126.494,-250
430,190,126.765,-250
435,190,127.036,-250
440,190,127.205,-250
445,190,127.018,-250
450,190,126.671,-250
455,190,126.33,-250
460,190,125.989,-250
465,190,125.203,-250
0,195,27.999,-250
5,195,29.647,-250
10,195,31.2939,-250
15,195,32.941,-150.27
20,195,35.0861,-144.56
25,195,37.296,-139.72
30,195,39.506,-136.94
35,195,41.717,-135.86
40,195,44.157,-137.12
45,195,46.651,-142.29
50,195,49.141,-160.07
55,195,51.628,-157.28
60,195,54.224,-169.56
65,195,56.865,-151.9
70,195,59.505,-145.53
75,195,62.145,-147.77
80,195,64.894,-165.15
85,195,67.654,-168.64
90,195,70.4141,-165.53
95,195,73.173,-162.93
100,195,76.306,-171.54
105,195,79.64,-177.26
110,195,82.974,-173.31
115,195,86.2891,-173.13
120,195,89.2371,-176.11
125,195,92.192,-175.95
130,195,95.146,-201.65
135,195,98.099,-193.08
140,195,100.999,-192.38
145,195,103.875,-192.01
150,195,106.75,-192
155,195,109.625,-194.35
160,195,112.4,-197.04
165,195,114.973,-200.08
170,195,117.546,-205.82
175,195,120.063,-209.63
180,195,121.96,-214.41
185,195,123.624,-250
190,195,125.288,-250
195,195,126.843,-250
200,195,127.097,-250
205,195,127.546,-250
210,195,128.677,-250
215,195,129.808,-250
220,195,130.706,-250
225,195,130.736,-250
230,195,130.937,-250
235,195,131.137,-250
240,195,131.297,-250
245,195,131.32,-250
250,195,131.231,-250
255,195,131.141,-250
260,195,130.844,-250
265,195,129.693,-250
270,195,128.542,-250
275,195,127.406,-250
280,195,126.251,-250
285,195,124.831,-250
290,195,123.411,-250
295,195,122.139,-250
300,195,121.103,-250
305,195,119.728,-250
310,195,118.353,-250
315,195,117.095,-250
320,195,116.058,-250
325,195,115.616,-250
330,195,115.192,-250
335,195,114.868,-250
340,195,114.679,-250
345,195,115.339,-250
350,195,115.874,-250
355,195,116.275,-250
360,195,116.676,-250
365,195,117.566,-250
370,195,118.495,-250
375,195,119.433,-250
380,195,120.37,-250
385,195,121.346,-250
390,195,122.316,-250
395,195,123.219,-250
400,195,124.121,-250
405,195,124.836,-250
410,195,125.515,-250
415,195,126.093,-250
420,195,126.667,-250
425,195,127.017,-250
430,195,127.288,-250
435,195,127.449,-250
440,195,127.572,-250
445,195,127.385,-250
450,195,127.024,-250
455,195,126.678,-250
460,195,126.338,-250
465,195,125.501,-250
0,200,26.781,-250
5,200,28.455,-250
10,200,30.103,-250
15,200,31.75,-156.18
20,200,33.728,-149.96
25,200,35.899,-145.89
30,200,38.109,-142.65
35,200,40.3199,-141.03
40,200,42.658,-142.48
45,200,45.126,-146.09
50,200,47.621,-154.29
55,200,50.115,-168.53
60,200,52.874,-166.55
65,200,55.5539,-163.01
70,200,58.2049,-155.16
75,200,60.8559,-150.54
80,200,63.53,-158.28
85,200,66.286,-163.21
90,200,69.0489,-174.05
95,200,71.812,-169.54
100,200,74.416,-171.3
105,200,77.661,-191.24
110,200,81.011,-202.78
115,200,84.3621,-178.16
120,200,87.303,-186.71
125,200,90.285,-183.07
130,200,93.267,-182.93
135,200,96.249,-185.52
140,200,99.079,-192.52
145,200,101.987,-201.7
150,200,104.894,-207.6
155,200,107.802,-207.25
160,200,110.528,-211.27
165,200,113.166,-207.4
170,200,115.804,-212.61
175,200,118.443,-215.31
180,200,120.785,-218.94
185,200,122.487,-250
190,200,124.189,-250
195,200,125.891,-250
200,200,127.526,-250
205,200,128.739,-250
210,200,129.952,-250
215,200,131.165,-250
220,200,132.29,-250
225,200,132.564,-250
230,200,132.838,-250
235,200,133.112,-250
240,200,133.318,-250
245,200,133.251,-250
250,200,133.161,-250
255,200,133.072,-250
260,200,132.704,-250
265,200,131.553,-250
270,200,130.402,-250
275,200,129.251,-250
280,200,128.064,-250
285,200,126.644,-250
290,200,125.224,-250
295,200,123.804,-250
300,200,122.513,-250
305,200,121.138,-250
310,200,119.763,-250
315,200,118.387,-250
320,200,117.134,-250
325,200,116.692,-250
330,200,116.268,-250
335,200,115.844,-250
340,200,115.633,-250
345,200,116.137,-250
350,200,116.538,-250
355,200,116.939,-250
360,200,117.34,-250
365,200,118.269,-250
370,200,119.207,-250
375,200,120.144,-250
380,200,121.082,-250
385,200,122.045,-250
390,200,122.947,-250
395,200,123.85,-250
400,200,124.752,-250
405,200,125.467,-250
410,200,126.041,-250
415,200,126.615,-250
420,200,127.19,-250
425,200,127.54,-250
430,200,127.694,-250
435,200,127.816,-250
440,200,127.939,-250
445,200,127.752,-250
450,200,127.391,-250
455,200,127.029,-250
460,200,126.686,-250
465,200,125.8,-250
0,205,25.432,-250
5,205,27.239,-250
10,205,28.911,-250
15,205,30.558,-161.39
20,205,32.536,-156.31
25,205,34.538,-151.34
30,205,36.713,-148.43
35,205,38.923,-146.52
40,205,41.261,-146.7
45,205,43.626,-149.03
50,205,46.0959,-156.31
55,205,48.59,-173.71
60,205,51.349,-169.27
65,205,54.206,-185.36
70,205,56.866,-163.38
75,205,59.517,-159.77
80,205,62.193,-160.52
85,205,64.879,-165.63
90,205,67.64,-170.32
95,205,70.404,-183.12
100,205,72.989,-175.97
105,205,75.4759,-180.15
110,205,78.79,-184.11
115,205,82.14,-182.42
120,205,85.0601,-187.35
125,205,87.822,-186.01
130,205,90.8039,-188.16
135,205,93.786,-191.28
140,205,96.6009,-194.07
145,205,99.324,-199.49
150,205,102.231,-204.93
155,205,105.139,-212.41
160,205,107.858,-218.39
165,205,110.4,-250
170,205,113.038,-250
175,205,115.676,-250
180,205,118.062,-250
185,205,120.001,-250
190,205,121.703,-250
195,205,123.405,-250
200,205,125.089,-250
205,205,126.657,-250
210,205,127.87,-250
215,205,129.083,-250
220,205,130.297,-250
225,205,131.35,-250
230,205,131.625,-250
235,205,131.899,-250
240,205,132.607,-250
245,205,133.524,-250
250,205,133.505,-250
255,205,133.486,-250
260,205,133.307,-250
265,205,132.478,-250
270,205,131.351,-250
275,205,130.223,-250
280,205,129.083,-250
285,205,127.792,-250
290,205,126.39,-250
295,205,124.989,-250
300,205,123.582,-250
305,205,122.173,-250
310,205,120.81,-250
315,205,119.446,-250
320,205,118.09,-250
325,205,117.539,-250
330,205,117.124,-250
335,205,116.708,-250
340,205,116.41,-250
345,205,116.81,-250
350,205,117.21,-250
355,205,117.61,-250
360,205,118.037,-250
365,205,118.975,-250
370,205,119.913,-250
375,205,120.851,-250
380,205,121.811,-250
385,205,122.718,-250
390,205,123.617,-250
395,205,124.515,-250
400,205,125.411,-250
405,205,126.018,-250
410,205,126.589,-250
415,205,127.159,-250
420,205,127.73,-250
425,205,127.953,-250
430,205,128.072,-250
435,205,128.191,-250
440,205,128.31,-250
445,205,128.119,-250
450,205,127.758,-250
455,205,127.396,-250
460,205,127.035,-250
465,205,126.099,-250
0,210,24.082,-250
5,210,25.89,-250
10,210,27.697,-250
15,210,29.3671,-166.14
20,210,31.344,-161.45
25,210,33.347,-157.2
30,210,35.348,-154.06
35,210,37.526,-152.29
40,210,39.865,-151.89
45,210,42.229,-153.54
50,210,44.593,-157.46
55,210,47.0651,-169.7
60,210,49.824,-181.98
65,210,52.681,-176.29
70,210,55.526,-175.04
75,210,58.177,-166.91
80,210,60.857,-163.54
85,210,63.542,-166.88
90,210,66.232,-170.54
95,210,68.995,-178.64
100,210,71.562,-193.47
105,210,74.048,-179.04
110,210,76.568,-179.34
115,210,79.918,-185.67
120,210,82.838,-187.32
125,210,85.5749,-193.45
130,210,88.3411,-191.53
135,210,91.323,-194.88
140,210,94.1381,-201.24
145,210,96.843,-205.22
150,210,99.568,-210.99
155,210,102.476,-214.12
160,210,105.195,-218.71
165,210,107.726,-250
170,210,110.272,-250
175,210,112.91,-250
180,210,115.295,-250
185,210,117.302,-250
190,210,119.217,-250
195,210,120.919,-250
200,210,122.6,-250
205,210,124.255,-250
210,210,125.787,-250
215,210,127,-250
220,210,128.215,-250
225,210,129.434,-250
230,210,130.411,-250
235,210,130.685,-250
240,210,131.393,-250
245,210,132.834,-250
250,210,133.73,-250
255,210,133.711,-250
260,210,133.532,-250
265,210,132.925,-250
270,210,132.088,-250
275,210,130.961,-250
280,210,129.821,-250
285,210,128.624,-250
290,210,127.317,-250
295,210,125.915,-250
300,210,124.505,-250
305,210,123.061,-250
310,210,121.659,-250
315,210,120.295,-250
320,210,118.987,-250
325,210,118.339,-250
330,210,117.806,-250
335,210,117.391,-250
340,210,117.092,-250
345,210,117.493,-250
350,210,117.893,-250
355,210,118.298,-250
360,210,118.732,-250
365,210,119.67,-250
370,210,120.608,-250
375,210,121.571,-250
380,210,122.611,-250
385,210,123.518,-250
390,210,124.417,-250
395,210,125.31,-250
400,210,126.108,-250
405,210,126.715,-250
410,210,127.285,-250
415,210,127.856,-250
420,210,128.326,-250
425,210,128.507,-250
430,210,128.626,-250
435,210,128.745,-250
440,210,128.786,-250
445,210,128.593,-250
450,210,128.25,-250
455,210,127.883,-250
460,210,127.515,-250
465,210,126.575,-250
0,215,22.702,-250
5,215,24.515,-250
10,215,26.328,-250
15,215,28.141,-171.36
20,215,30.146,-166.68
25,215,32.152,-163.2
30,215,34.157,-159.94
35,215,36.1591,-157.51
40,215,38.468,-157.07
45,215,40.832,-158.36
50,215,43.196,-161.51
55,215,45.561,-168.39
60,215,48.2989,-184.07
65,215,51.156,-180.08
70,215,54.014,-194.31
75,215,56.838,-183.12
80,215,59.52,-172.83
85,215,62.2049,-170.97
90,215,64.89,-172.86
95,215,67.587,-178.29
100,215,70.135,-184.24
105,215,72.621,-187.72
110,215,75.108,-184.75
115,215,77.697,-190.77
120,215,80.6171,-186.63
125,215,83.354,-194.54
130,215,86.09,-215.59
135,215,88.86,-203.6
140,215,91.675,-204.05
145,215,94.38,-208.05
150,215,97.085,-210.18
155,215,99.813,-213.81
160,215,102.532,-218.59
165,215,105.063,-250
170,215,107.594,-250
175,215,110.144,-250
180,215,112.529,-250
185,215,114.535,-250
190,215,116.542,-250
195,215,118.433,-250
200,215,120.111,-250
205,215,121.766,-250
210,215,123.421,-250
215,215,124.918,-250
220,215,126.133,-250
225,215,127.352,-250
230,215,128.571,-250
235,215,129.472,-250
240,215,130.18,-250
245,215,131.621,-250
250,215,133.061,-250
255,215,133.936,-250
260,215,133.757,-250
265,215,133.15,-250
270,215,132.542,-250
275,215,131.698,-250
280,215,130.559,-250
285,215,129.362,-250
290,215,128.165,-250
295,215,126.841,-250
300,215,125.429,-250
305,215,123.984,-250
310,215,122.54,-250
315,215,121.144,-250
320,215,119.884,-250
325,215,119.236,-250
330,215,118.588,-250
335,215,118.074,-250
340,215,117.775,-250
345,215,118.175,-250
350,215,118.581,-250
355,215,118.993,-250
360,215,119.427,-250
365,215,120.365,-250
370,215,121.33,-250
375,215,122.371,-250
380,215,123.411,-250
385,215,124.318,-250
390,215,125.209,-250
395,215,126.007,-250
400,215,126.805,-250
405,215,127.411,-250
410,215,127.982,-250
415,215,128.449,-250
420,215,128.903,-250
425,215,129.062,-250
430,215,129.181,-250
435,215,129.212,-250
440,215,129.226,-250
445,215,129.014,-250
450,215,128.736,-250
455,215,128.384,-250
460,215,128.016,-250
465,215,127.076,-250
0,220,21.1121,-250
5,220,22.91,-250
10,220,24.722,-250
15,220,26.535,-177.43
20,220,28.754,-172.3
25,220,30.77,-168.53
30,220,32.776,-165.41
35,220,34.781,-163.1
40,220,37.009,-162.22
45,220,39.3671,-162.95
50,220,41.733,-165.62
55,220,44.099,-169.81
60,220,46.605,-181.53
65,220,49.4499,-188.67
70,220,52.317,-186.47
75,220,55.184,-193.04
80,220,57.727,-183.29
85,220,60.426,-178.94
90,220,63.125,-179.09
95,220,65.823,-179.23
100,220,68.1999,-182.92
105,220,70.704,-188.81
110,220,73.207,-200.64
115,220,75.7111,-209.65
120,220,78.212,-198.16
125,220,80.956,-208.3
130,220,83.6999,-215.1
135,220,86.444,-250
140,220,89.187,-250
145,220,91.8931,-216.4
150,220,94.599,-216.59
155,220,97.305,-218.97
160,220,99.807,-250
165,220,102.345,-250
170,220,104.884,-250
175,220,107.422,-250
180,220,109.801,-250
185,220,111.804,-250
190,220,113.806,-250
195,220,115.809,-250
200,220,117.606,-250
205,220,119.264,-250
210,220,120.922,-250
215,220,122.58,-250
220,220,124.037,-250
225,220,125.266,-250
230,220,126.489,-250
235,220,127.707,-250
240,220,128.967,-250
245,220,130.407,-250
250,220,131.848,-250
255,220,133.288,-250
260,220,133.982,-250
265,220,133.375,-250
270,220,132.767,-250
275,220,132.16,-250
280,220,131.296,-250
285,220,130.099,-250
290,220,128.902,-250
295,220,127.706,-250
300,220,126.352,-250
305,220,124.907,-250
310,220,123.463,-250
315,220,122.019,-250
320,220,120.781,-250
325,220,120.133,-250
330,220,119.485,-250
335,220,118.837,-250
340,220,118.458,-250
345,220,118.864,-250
350,220,119.276,-250
355,220,119.687,-250
360,220,120.121,-250
365,220,121.09,-250
370,220,122.13,-250
375,220,123.171,-250
380,220,124.212,-250
385,220,125.108,-250
390,220,125.906,-250
395,220,126.704,-250
400,220,127.501,-250
405,220,128.108,-250
410,220,128.572,-250
415,220,129.026,-250
420,220,129.481,-250
425,220,129.617,-250
430,220,129.638,-250
435,220,129.652,-250
440,220,129.666,-250
445,220,129.434,-250
450,220,129.156,-250
455,220,128.878,-250
460,220,128.517,-250
465,220,127.577,-250
0,225,19.672,-250
5,225,21.317,-250
10,225,23.1171,-250
15,225,24.93,-250
20,225,27.1479,-178.16
25,225,29.387,-174
30,225,31.3931,-170.86
35,225,33.399,-168.85
40,225,35.6431,-167.48
45,225,37.8979,-167.81
50,225,40.2631,-169.64
55,225,42.629,-173.39
60,225,45.147,-180.02
65,225,47.6999,-188.36
70,225,50.568,-192.1
75,225,53.4351,-192.37
80,225,55.9289,-199.31
85,225,58.4351,-188.89
90,225,61.134,-184.76
95,225,63.833,-185.83
100,225,66.162,-188.3
105,225,68.451,-192.43
110,225,70.9549,-197.54
115,225,73.459,-205.75
120,225,75.892,-216.3
125,225,78.39,-210.54
130,225,81.134,-212.74
135,225,83.878,-218.91
140,225,86.632,-250
145,225,89.376,-250
150,225,92.082,-250
155,225,94.788,-250
160,225,97.206,-250
165,225,99.508,-250
170,225,102.047,-250
175,225,104.585,-250
180,225,107.014,-250
185,225,109.234,-250
190,225,111.237,-250
195,225,113.239,-250
200,225,115.006,-250
205,225,116.628,-250
210,225,118.286,-250
215,225,119.944,-250
220,225,121.417,-250
225,225,122.667,-250
230,225,123.896,-250
235,225,125.125,-250
240,225,126.65,-250
245,225,128.392,-250
250,225,129.851,-250
255,225,131.309,-250
260,225,132.633,-250
265,225,132.888,-250
270,225,132.317,-250
275,225,131.746,-250
280,225,131.045,-250
285,225,129.88,-250
290,225,128.714,-250
295,225,127.549,-250
300,225,126.793,-250
305,225,125.481,-250
310,225,124.049,-250
315,225,122.617,-250
320,225,121.43,-250
325,225,120.848,-250
330,225,120.207,-250
335,225,119.567,-250
340,225,119.078,-250
345,225,119.496,-250
350,225,119.914,-250
355,225,120.332,-250
360,225,120.86,-250
365,225,121.9,-250
370,225,122.94,-250
375,225,123.979,-250
380,225,125.004,-250
385,225,125.808,-250
390,225,126.605,-250
395,225,127.403,-250
400,225,128.2,-250
405,225,128.691,-250
410,225,129.146,-250
415,225,129.602,-250
420,225,130.047,-250
425,225,130.063,-250
430,225,130.078,-250
435,225,130.092,-250
440,225,130.106,-250
445,225,129.855,-250
450,225,129.577,-250
455,225,129.299,-250
460,225,129.018,-250
465,225,128.078,-250
0,230,18.232,-250
5,230,19.8769,-250
10,230,21.522,-250
15,230,23.324,-250
20,230,25.543,-250
25,230,27.791,-250
30,230,30.011,-250
35,230,32.025,-250
40,230,34.277,-172.94
45,230,36.53,-172.93
50,230,38.7939,-174.19
55,230,41.16,-177.3
60,230,43.6901,-181.38
65,230,46.233,-190.26
70,230,48.818,-250
75,230,51.686,-197.78
80,230,54.18,-206.17
85,230,56.634,-200.55
90,230,59.144,-193.77
95,230,61.842,-190.17
100,230,64.171,-191.8
105,230,66.409,-194.14
110,230,68.703,-199.08
115,230,71.206,-204.86
120,230,73.64,-214.56
125,230,76.043,-250
130,230,78.569,-219.11
135,230,81.313,-250
140,230,84.067,-250
145,230,86.8249,-250
150,230,89.5651,-250
155,230,92.271,-250
160,230,94.656,-250
165,230,96.876,-250
170,230,99.21,-250
175,230,101.748,-250
180,230,104.161,-250
185,230,106.471,-250
190,230,108.667,-250
195,230,110.67,-250
200,230,112.436,-250
205,230,114.027,-250
210,230,115.65,-250
215,230,117.308,-250
220,230,118.781,-250
225,230,120.047,-250
230,230,121.296,-250
235,230,122.526,-250
240,230,124.05,-250
245,230,126.072,-250
250,230,127.77,-250
255,230,129.228,-250
260,230,130.524,-250
265,230,131.574,-250
270,230,131.669,-250
275,230,131.098,-250
280,230,130.357,-250
285,230,129.192,-250
290,230,128.027,-250
295,230,127.407,-250
300,230,126.665,-250
305,230,125.693,-250
310,230,124.374,-250
315,230,122.942,-250
320,230,121.754,-250
325,230,121.327,-250
330,230,120.742,-250
335,230,120.102,-250
340,230,119.612,-250
345,230,120.031,-250
350,230,120.449,-250
355,230,120.977,-250
360,230,121.7,-250
365,230,122.739,-250
370,230,123.779,-250
375,230,124.799,-250
380,230,125.728,-250
385,230,126.525,-250
390,230,127.323,-250
395,230,128.113,-250
400,230,128.755,-250
405,230,129.226,-250
410,230,129.681,-250
415,230,130.123,-250
420,230,130.357,-250
425,230,130.374,-250
430,230,130.391,-250
435,230,130.408,-250
440,230,130.472,-250
445,230,130.307,-250
450,230,130.027,-250
455,230,129.748,-250
460,230,129.468,-250
465,230,128.95,-250
0,235,16.781,-250
5,235,18.431,-250
10,235,20.081,-250
15,235,21.727,-250
20,235,23.937,-250
25,235,26.186,-250
30,235,28.4351,-250
35,235,30.6591,-250
40,235,32.912,-250
45,235,35.165,-250
50,235,37.417,-250
55,235,39.6901,-180.79
60,235,42.232,-184.92
65,235,44.776,-191.6
70,235,47.319,-202.74
75,235,49.936,-206.37
80,235,52.43,-212.1
85,235,54.885,-216.44
90,235,57.339,-210.96
95,235,59.852,-205.88
100,235,62.181,-196.69
105,235,64.418,-198.71
110,235,66.656,-201.44
115,235,68.954,-250
120,235,71.387,-250
125,235,73.791,-250
130,235,76.194,-250
135,235,78.7469,-250
140,235,81.5019,-250
145,235,84.26,-250
150,235,87.0181,-250
155,235,89.754,-250
160,235,92.1059,-250
165,235,94.326,-250
170,235,96.546,-250
175,235,98.911,-250
180,235,101.309,-250
185,235,103.619,-250
190,235,105.929,-250
195,235,108.1,-250
200,235,109.867,-250
205,235,111.458,-250
210,235,113.048,-250
215,235,114.673,-250
220,235,116.145,-250
225,235,117.411,-250
230,235,118.677,-250
235,235,119.926,-250
240,235,121.45,-250
245,235,123.472,-250
250,235,125.495,-250
255,235,127.147,-250
260,235,128.416,-250
265,235,129.465,-250
270,235,130.514,-250
275,235,130.45,-250
280,235,129.669,-250
285,235,128.52,-250
290,235,127.899,-250
295,235,127.279,-250
300,235,126.537,-250
305,235,125.565,-250
310,235,124.593,-250
315,235,123.266,-250
320,235,122.079,-250
325,235,121.652,-250
330,235,121.224,-250
335,235,120.637,-250
340,235,120.147,-250
345,235,120.565,-250
350,235,121.108,-250
355,235,121.817,-250
360,235,122.539,-250
365,235,123.579,-250
370,235,124.593,-250
375,235,125.525,-250
380,235,126.445,-250
385,235,127.243,-250
390,235,128.018,-250
395,235,128.66,-250
400,235,129.302,-250
405,235,129.76,-250
410,235,130.196,-250
415,235,130.433,-250
420,235,130.667,-250
425,235,130.684,-250
430,235,130.701,-250
435,235,130.766,-250
440,235,130.837,-250
445,235,130.673,-250
450,235,130.483,-250
455,235,130.203,-250
460,235,129.924,-250
465,235,129.439,-250
0,240,15.104,-250
5,240,16.754,-250
10,240,18.404,-250
15,240,20.0539,-250
20,240,21.947,-250
25,240,24.205,-250
30,240,26.462,-250
35,240,28.701,-250
40,240,30.821,-250
45,240,33.0911,-250
50,240,35.361,-250
55,240,37.631,-250
60,240,39.925,-250
65,240,42.514,-250
70,240,45.104,-202.63
75,240,47.693,-250
80,240,50.199,-209.84
85,240,52.67,-218.03
90,240,55.14,-213.86
95,240,57.61,-206.99
100,240,59.812,-204.07
105,240,62.064,-250
110,240,64.317,-250
115,240,66.569,-250
120,240,68.934,-250
125,240,71.347,-250
130,240,73.761,-250
135,240,76.1739,-250
140,240,78.77,-250
145,240,81.537,-250
150,240,84.3039,-250
155,240,87.071,-250
160,240,89.411,-250
165,240,91.6529,-250
170,240,93.896,-250
175,240,96.1381,-250
180,240,98.442,-250
185,240,100.755,-250
190,240,103.067,-250
195,240,105.38,-250
200,240,107.284,-250
205,240,108.883,-250
210,240,110.479,-250
215,240,112.07,-250
220,240,113.51,-250
225,240,114.776,-250
230,240,116.041,-250
235,240,117.307,-250
240,240,118.85,-250
245,240,120.872,-250
250,240,122.895,-250
255,240,124.917,-250
260,240,126.307,-250
265,240,127.356,-250
270,240,128.406,-250
275,240,129.455,-250
280,240,129.012,-250
285,240,128.391,-250
290,240,127.771,-250
295,240,127.151,-250
300,240,126.409,-250
305,240,125.437,-250
310,240,124.464,-250
315,240,123.492,-250
320,240,122.404,-250
325,240,121.976,-250
330,240,121.549,-250
335,240,121.122,-250
340,240,120.682,-250
345,240,121.239,-250
350,240,121.948,-250
355,240,122.656,-250
360,240,123.379,-250
365,240,124.387,-250
370,240,125.32,-250
375,240,126.252,-250
380,240,127.163,-250
385,240,127.923,-250
390,240,128.565,-250
395,240,129.206,-250
400,240,129.839,-250
405,240,130.269,-250
410,240,130.506,-250
415,240,130.743,-250
420,240,130.976,-250
425,240,130.993,-250
430,240,131.061,-250
435,240,131.132,-250
440,240,131.203,-250
445,240,131.039,-250
450,240,130.853,-250
455,240,130.659,-250
460,240,130.38,-250
465,240,129.895,-250
0,245,13.404,-250
5,245,15.077,-250
10,245,16.727,-250
15,245,18.392,-250
20,245,20.274,-250
25,245,22.198,-250
30,245,24.456,-250
35,245,26.694,-250
40,245,28.771,-250
45,245,30.8931,-250
50,245,33.1641,-250
55,245,35.433,-250
60,245,37.651,-250
65,245,39.951,-250
70,245,42.541,-250
75,245,45.13,-250
80,245,47.65,-250
85,245,50.146,-250
90,245,52.616,-250
95,245,55.0861,-250
100,245,57.217,-250
105,245,59.3719,-250
110,245,61.624,-250
115,245,63.876,-250
120,245,66.249,-250
125,245,68.655,-250
130,245,71.068,-250
135,245,73.4809,-250
140,245,75.911,-250
145,245,78.514,-250
150,245,81.281,-250
155,245,84.048,-250
160,245,86.355,-250
165,245,88.563,-250
170,245,90.805,-250
175,245,93.047,-250
180,245,95.415,-250
185,245,97.7779,-250
190,245,100.091,-250
195,245,102.404,-250
200,245,104.312,-250
205,245,105.915,-250
210,245,107.514,-250
215,245,109.113,-250
220,245,110.854,-250
225,245,112.363,-250
230,245,113.624,-250
235,245,114.884,-250
240,245,116.443,-250
245,245,118.433,-250
250,245,120.451,-250
255,245,122.469,-250
260,245,124.148,-250
265,245,125.272,-250
270,245,126.32,-250
275,245,127.368,-250
280,245,127.693,-250
285,245,127.113,-250
290,245,126.532,-250
295,245,125.952,-250
300,245,125.667,-250
305,245,124.719,-250
310,245,123.771,-250
315,245,122.822,-250
320,245,122.458,-250
325,245,122.043,-250
330,245,121.628,-250
335,245,121.213,-250
340,245,121.291,-250
345,245,122.005,-250
350,245,122.718,-250
355,245,123.431,-250
360,245,124.125,-250
365,245,125.066,-250
370,245,126.007,-250
375,245,126.948,-250
380,245,127.803,-250
385,245,128.45,-250
390,245,129.096,-250
395,245,129.743,-250
400,245,130.337,-250
405,245,130.578,-250
410,245,130.816,-250
415,245,131.053,-250
420,245,131.286,-250
425,245,131.355,-250
430,245,131.426,-250
435,245,131.497,-250
440,245,131.568,-250
445,245,131.405,-250
450,245,131.219,-250
455,245,131.032,-250
460,245,130.836,-250
465,245,130.351,-250
0,250,11.702,-250
5,250,13.378,-250
10,250,15.05,-250
15,250,16.73,-250
20,250,18.6121,-250
25,250,20.495,-250
30,250,22.449,-250
35,250,24.688,-250
40,250,26.764,-250
45,250,28.8411,-250
50,250,30.9661,-250
55,250,33.236,-250
60,250,35.454,-250
65,250,37.672,-250
70,250,39.978,-250
75,250,42.567,-250
80,250,45.087,-250
85,250,47.599,-250
90,250,50.092,-250
95,250,52.562,-250
100,250,54.668,-250
105,250,56.764,-250
110,250,58.931,-250
115,250,61.183,-250
120,250,63.566,-250
125,250,65.968,-250
130,250,68.375,-250
135,250,70.788,-250
140,250,73.218,-250
145,250,75.651,-250
150,250,78.258,-250
155,250,81.026,-250
160,250,83.332,-250
165,250,85.504,-250
170,250,87.715,-250
175,250,89.957,-250
180,250,92.3249,-250
185,250,94.753,-250
190,250,97.114,-250
195,250,99.427,-250
200,250,101.336,-250
205,250,102.944,-250
210,250,104.546,-250
215,250,106.145,-250
220,250,107.904,-250
225,250,109.767,-250
230,250,111.227,-250
235,250,112.488,-250
240,250,114.093,-250
245,250,116.046,-250
250,250,118.041,-250
255,250,120.059,-250
260,250,121.738,-250
265,250,123.133,-250
270,250,124.246,-250
275,250,125.294,-250
280,250,125.618,-250
285,250,125.038,-250
290,250,124.458,-250
295,250,124.583,-250
300,250,124.379,-250
305,250,123.431,-250
310,250,122.483,-250
315,250,122.253,-250
320,250,122.175,-250
325,250,121.76,-250
330,250,121.346,-250
335,250,121.404,-250
340,250,121.916,-250
345,250,122.629,-250
350,250,123.342,-250
355,250,124.004,-250
360,250,124.647,-250
365,250,125.588,-250
370,250,126.53,-250
375,250,127.395,-250
380,250,128.117,-250
385,250,128.763,-250
390,250,129.41,-250
395,250,130.021,-250
400,250,130.437,-250
405,250,130.678,-250
410,250,130.919,-250
415,250,131.16,-250
420,250,131.282,-250
425,250,131.304,-250
430,250,131.384,-250
435,250,131.465,-250
440,250,131.545,-250
445,250,131.386,-250
450,250,131.219,-250
455,250,131.053,-250
460,250,130.946,-250
465,250,130.57,-250
0,255,9.99999,-250
5,255,11.677,-250
10,255,13.353,-250
15,255,15.068,-250
20,255,16.951,-250
25,255,18.833,-250
30,255,20.7161,-250
35,255,22.681,-250
40,255,24.7581,-250
45,255,26.834,-250
50,255,28.911,-250
55,255,31.0391,-250
60,255,33.257,-250
65,255,35.475,-250
70,255,37.693,-250
75,255,40.004,-250
80,255,42.524,-250
85,255,45.036,-250
90,255,47.5489,-250
95,255,50.022,-250
100,255,52.119,-250
105,255,54.215,-250
110,255,56.311,-250
115,255,58.491,-250
120,255,60.883,-250
125,255,63.285,-250
130,255,65.688,-250
135,255,68.0959,-250
140,255,70.525,-250
145,255,72.958,-250
150,255,75.39,-250
155,255,78.003,-250
160,255,80.309,-250
165,255,82.4809,-250
170,255,84.654,-250
175,255,86.8671,-250
180,255,89.234,-250
185,255,91.662,-250
190,255,94.0911,-250
195,255,96.451,-250
200,255,98.359,-250
205,255,99.968,-250
210,255,101.576,-250
215,255,103.177,-250
220,255,104.954,-250
225,255,106.817,-250
230,255,108.68,-250
235,255,110.092,-250
240,255,111.744,-250
245,255,113.696,-250
250,255,115.649,-250
255,255,117.649,-250
260,255,119.328,-250
265,255,120.723,-250
270,255,122.119,-250
275,255,123.219,-250
280,255,123.543,-250
285,255,122.963,-250
290,255,123.11,-250
295,255,123.295,-250
300,255,123.091,-250
305,255,122.143,-250
310,255,121.94,-250
315,255,121.971,-250
320,255,121.893,-250
325,255,121.478,-250
330,255,121.56,-250
335,255,122.01,-250
340,255,122.539,-250
345,255,123.253,-250
350,255,123.904,-250
355,255,124.503,-250
360,255,125.169,-250
365,255,126.111,-250
370,255,126.966,-250
375,255,127.708,-250
380,255,128.43,-250
385,255,129.077,-250
390,255,129.682,-250
395,255,130.121,-250
400,255,130.537,-250
405,255,130.778,-250
410,255,131.018,-250
415,255,131.139,-250
420,255,131.258,-250
425,255,131.27,-250
430,255,131.297,-250
435,255,131.378,-250
440,255,131.449,-250
445,255,131.282,-250
450,255,131.116,-250
455,255,131.022,-250
460,255,130.959,-250
465,255,130.581,-250
