0,0,35,-250
5,0,35,-250
10,0,35,-250
15,0,35,-250
20,0,35,-250
25,0,35,-250
30,0,35,-250
35,0,35,-250
40,0,35,-250
45,0,35,-250
50,0,35,-250
55,0,35,-250
60,0,35,-250
65,0,35,-250
70,0,35,-250
75,0,35,-250
80,0,35,-250
85,0,35,-250
90,0,35,-250
95,0,35,-162.28
100,0,35,-146.46
105,0,35,-146.79
110,0,35,-147.54
115,0,35,-150.29
120,0,35,-151.73
125,0,35,-150.67
130,0,35,-150.74
135,0,35,-152.05
140,0,35,-154.36
145,0,35,-157.21
150,0,35,-159.5
155,0,35,-161.96
160,0,35,-250
165,0,35,-250
170,0,35,-250
175,0,35,-250
180,0,35,-250
185,0,35,-250
190,0,35,-250
195,0,35,-250
200,0,35,-250
205,0,35,-250
210,0,35,-250
215,0,35,-250
220,0,35,-250
225,0,35,-250
230,0,35,-250
235,0,35,-250
240,0,35,-250
245,0,35,-250
250,0,35,-250
255,0,35,-250
260,0,35,-250
265,0,35,-250
270,0,35,-250
275,0,35,-250
280,0,35,-250
285,0,35,-250
290,0,35,-250
295,0,35,-250
300,0,35,-250
305,0,35,-250
310,0,35,-250
315,0,35,-250
320,0,35,-250
325,0,35,-250
330,0,35,-250
335,0,35,-250
340,0,35,-250
345,0,35,-250
350,0,35,-250
355,0,35,-250
360,0,35,-250
365,0,35,-250
370,0,35,-250
375,0,35,-250
380,0,35,-250
385,0,35,-250
390,0,35,-250
395,0,35,-250
400,0,35,-250
405,0,35,-250
410,0,35,-250
415,0,35,-250
420,0,35,-250
425,0,35,-250
430,0,35,-250
435,0,35,-250
440,0,35,-250
445,0,35,-250
450,0,35,-250
455,0,35,-250
460,0,35,-250
465,0,35,-250
0,5,35,-250
5,5,35,-250
10,5,35,-250
15,5,35,-250
20,5,35,-250
25,5,35,-250
30,5,35,-250
35,5,35,-250
40,5,35,-250
45,5,35,-250
50,5,35,-250
55,5,35,-250
60,5,35,-250
65,5,35,-250
70,5,35,-250
75,5,35,-250
80,5,35,-250
85,5,35,-250
90,5,35,-173.99
95,5,35,-141.94
100,5,35,-137.62
105,5,35,-137.58
110,5,35,-138.8
115,5,35,-142.77
120,5,35,-145.75
125,5,35,-148.28
130,5,35,-146.65
135,5,35,-148.48
140,5,35,-150.58
145,5,35,-153.26
150,5,35,-155.9
155,5,35,-158.83
160,5,35,-161.44
165,5,35,-164.89
170,5,35,-250
175,5,35,-250
180,5,35,-250
185,5,35,-250
190,5,35,-250
195,5,35,-250
200,5,35,-250
205,5,35,-250
210,5,35,-250
215,5,35,-250
220,5,35,-250
225,5,35,-250
230,5,35,-250
235,5,35,-250
240,5,35,-250
245,5,35,-250
250,5,35,-250
255,5,35,-250
260,5,35,-250
265,5,35,-250
270,5,35,-250
275,5,35,-250
280,5,35,-250
285,5,35,-250
290,5,35,-250
295,5,35,-250
300,5,35,-250
305,5,35,-250
310,5,35,-250
315,5,35,-250
320,5,35,-250
325,5,35,-250
330,5,35,-250
335,5,35,-250
340,5,35,-250
345,5,35,-250
350,5,35,-250
355,5,35,-250
360,5,35,-250
365,5,35,-250
370,5,35,-250
375,5,35,-250
380,5,35,-250
385,5,35,-250
390,5,35,-250
395,5,35,-250
400,5,35,-250
405,5,35,-250
410,5,35,-250
415,5,35,-250
420,5,35,-250
425,5,35,-250
430,5,35,-250
435,5,35,-250
440,5,35,-250
445,5,35,-250
450,5,35,-250
455,5,35,-250
460,5,35,-250
465,5,35,-250
0,10,35,-250
5,10,35,-250
10,10,35,-250
15,10,35,-250
20,10,35,-250
25,10,35,-250
30,10,35,-250
35,10,35,-250
40,10,35,-250
45,10,35,-250
50,10,35,-250
55,10,35,-250
60,10,35,-250
65,10,35,-250
70,10,35,-250
75,10,35,-250
80,10,35,-250
85,10,35,-250
90,10,35,-137.06
95,10,35,-134.78
100,10,35,-133.95
105,10,35,-134.26
110,10,35,-135.08
115,10,35,-136.37
120,10,35,-138.07
125,10,35,-143.38
130,10,35,-144.37
135,10,35,-145.09
140,10,35,-147.42
145,10,35,-155.54
150,10,35,-153.08
155,10,35,-155.82
160,10,35,-159.17
165,10,35,-162.98
170,10,35,-167.09
175,10,35,-171.16
180,10,35,-250
185,10,35,-250
190,10,35,-250
195,10,35,-250
200,10,35,-250
205,10,35,-250
210,10,35,-250
215,10,35,-250
220,10,35,-250
225,10,35,-250
230,10,35,-250
235,10,35,-250
240,10,35,-250
245,10,35,-250
250,10,35,-250
255,10,35,-250
260,10,35,-250
265,10,35,-250
270,10,35,-250
275,10,35,-250
280,10,35,-250
285,10,35,-250
290,10,35,-250
295,10,35,-250
300,10,35,-250
305,10,35,-250
310,10,35,-250
315,10,35,-250
320,10,35,-250
325,10,35,-250
330,10,35,-250
335,10,35,-250
340,10,35,-250
345,10,35,-250
350,10,35,-250
355,10,35,-250
360,10,35,-250
365,10,35,-250
370,10,35,-250
375,10,35,-250
380,10,35,-250
385,10,35,-250
390,10,35,-250
395,10,35,-250
400,10,35,-250
405,10,35,-250
410,10,35,-250
415,10,35,-250
420,10,35,-250
425,10,35,-250
430,10,35,-250
435,10,35,-250
440,10,35,-250
445,10,35,-250
450,10,35,-250
455,10,35,-250
460,10,35,-250
465,10,35,-250
0,15,35,-250
5,15,35,-250
10,15,35,-250
15,15,35,-250
20,15,35,-250
25,15,35,-250
30,15,35,-250
35,15,35,-250
40,15,35,-250
45,15,35,-250
50,15,35,-250
55,15,35,-250
60,15,35,-250
65,15,35,-250
70,15,35,-250
75,15,35,-250
80,15,35,-250
85,15,35,-132.49
90,15,35,-130.02
95,15,35,-129.06
100,15,35,-128.49
105,15,35,-129.09
110,15,35,-129.84
115,15,35,-131.42
120,15,35,-133.4
125,15,35,-137
130,15,35,-140.67
135,15,35,-142.04
140,15,35,-144.61
145,15,35,-147.52
150,15,35,-150.5
155,15,35,-159.46
160,15,35,-165.11
165,15,35,-161.59
170,15,35,-166.02
175,15,35,-170.37
180,15,35,-174.72
185,15,35,-250
190,15,35,-250
195,15,35,-250
200,15,35,-250
205,15,35,-250
210,15,35,-250
215,15,35,-250
220,15,35,-250
225,15,35,-250
230,15,35,-250
235,15,35,-250
240,15,35,-250
245,15,35,-250
250,15,35,-250
255,15,35,-250
260,15,35,-250
265,15,35,-250
270,15,35,-250
275,15,35,-250
280,15,35,-250
285,15,35,-250
290,15,35,-250
295,15,35,-250
300,15,35,-250
305,15,35,-250
310,15,35,-250
315,15,35,-250
320,15,35,-250
325,15,35,-250
330,15,35,-250
335,15,35,-250
340,15,35,-250
345,15,35,-250
350,15,35,-250
355,15,35,-250
360,15,35,-250
365,15,35,-250
370,15,35,-250
375,15,35,-250
380,15,35,-250
385,15,35,-250
390,15,35,-250
395,15,35,-250
400,15,35,-250
405,15,35,-250
410,15,35,-250
415,15,35,-250
420,15,35,-250
425,15,35,-250
430,15,35,-250
435,15,35,-250
440,15,35,-250
445,15,35,-250
450,15,35,-250
455,15,35,-250
460,15,35,-250
465,15,35,-250
0,20,35,-250
5,20,35,-250
10,20,35,-250
15,20,35,-250
20,20,35,-250
25,20,35,-250
30,20,35,-250
35,20,35,-250
40,20,35,-250
45,20,35,-250
50,20,35,-250
55,20,35,-250
60,20,35,-250
65,20,35,-250
70,20,35,-250
75,20,35,-250
80,20,35,-127.83
85,20,35,-125.95
90,20,35,-125.09
95,20,35,-124.36
100,20,35,-123.98
105,20,35,-124.02
110,20,35,-125.23
115,20,35,-126.95
120,20,35,-129.2
125,20,35,-131.68
130,20,35,-136.3
135,20,35,-139.89
140,20,35,-141.43
145,20,35,-145.09
150,20,35,-148.86
155,20,35,-152.4
160,20,35,-157.06
165,20,35,-167.08
170,20,35,-168.68
175,20,35,-170.27
180,20,35,-175.06
185,20,35,-180.95
190,20,35,-187.58
195,20,35,-250
200,20,35,-250
205,20,35,-250
210,20,35,-250
215,20,35,-250
220,20,35,-250
225,20,35,-250
230,20,35,-250
235,20,35,-250
240,20,35,-250
245,20,35,-250
250,20,35,-250
255,20,35,-250
260,20,35,-250
265,20,35,-250
270,20,35,-250
275,20,35,-250
280,20,35,-250
285,20,35,-250
290,20,35,-250
295,20,35,-250
300,20,35,-250
305,20,35,-250
310,20,35,-250
315,20,35,-250
320,20,35,-250
325,20,35,-250
330,20,35,-250
335,20,35,-250
340,20,35,-250
345,20,35,-250
350,20,35,-250
355,20,35,-250
360,20,35,-250
365,20,35,-250
370,20,35,-250
375,20,35,-250
380,20,35,-250
385,20,35,-250
390,20,35,-250
395,20,35,-250
400,20,35,-250
405,20,35,-250
410,20,35,-250
415,20,35,-250
420,20,35,-250
425,20,35,-250
430,20,35,-250
435,20,35,-250
440,20,35,-250
445,20,35,-250
450,20,35,-250
455,20,35,-250
460,20,35,-250
465,20,35,-250
0,25,35,-250
5,25,35,-250
10,25,35,-250
15,25,35,-250
20,25,35,-250
25,25,35,-250
30,25,35,-250
35,25,35,-250
40,25,35,-250
45,25,35,-250
50,25,35,-250
55,25,35,-250
60,25,35,-250
65,25,35,-250
70,25,35,-250
75,25,35,-123.04
80,25,35,-120.42
85,25,35,-121.49
90,25,35,-120.35
95,25,35,-119.72
100,25,35,-119.36
105,25,35,-120.35
110,25,35,-121.48
115,25,35,-123.37
120,25,35,-125.67
125,25,35,-128.03
130,25,35,-132.66
135,25,35,-135.97
140,25,35,-138.77
145,25,35,-142.35
150,25,35,-147.98
155,25,35,-152.13
160,25,35,-155.71
165,25,35,-161.72
170,25,35,-173.08
175,25,35,-180.44
180,25,35,-179.16
185,25,35,-185.76
190,25,35,-192.46
195,25,35,-201.05
200,25,35,-250
205,25,35,-250
210,25,35,-250
215,25,35,-250
220,25,35,-250
225,25,35,-250
230,25,35,-250
235,25,35,-250
240,25,35,-250
245,25,35,-250
250,25,35,-250
255,25,35,-250
260,25,35,-250
265,25,35,-250
270,25,35,-250
275,25,35,-250
280,25,35,-250
285,25,35,-250
290,25,35,-250
295,25,35,-250
300,25,35,-250
305,25,35,-250
310,25,35,-250
315,25,35,-250
320,25,35,-250
325,25,35,-250
330,25,35,-250
335,25,35,-250
340,25,35,-250
345,25,35,-250
350,25,35,-250
355,25,35,-250
360,25,35,-250
365,25,35,-250
370,25,35,-250
375,25,35,-250
380,25,35,-250
385,25,35,-250
390,25,35,-250
395,25,35,-250
400,25,35,-250
405,25,35,-250
410,25,35,-250
415,25,35,-250
420,25,35,-250
425,25,35,-250
430,25,35,-250
435,25,35,-250
440,25,35,-250
445,25,35,-250
450,25,35,-250
455,25,35,-250
460,25,35,-250
465,25,35,-250
0,30,35,-250
5,30,35,-250
10,30,35,-250
15,30,35,-250
20,30,35,-250
25,30,35,-250
30,30,35,-250
35,30,35,-250
40,30,35,-250
45,30,35,-250
50,30,35,-250
55,30,35,-250
60,30,35,-250
65,30,35,-250
70,30,35,-119
75,30,35,-116.46
80,30,35,-115.92
85,30,35,-115.74
90,30,35,-115.76
95,30,35,-115.81
100,30,35,-116.02
105,30,35,-117.07
110,30,35,-118.8
115,30,35,-120.68
120,30,35,-123.04
125,30,35,-125.62
130,30,35,-128.41
135,30,35,-132.81
140,30,35,-137.51
145,30,35,-142.14
150,30,35,-145.95
155,30,35,-150.88
160,30,35,-158.15
165,30,35,-162.44
170,30,35,-168.82
175,30,35,-178.29
180,30,35,-192.51
185,30,35,-201.26
190,30,35,-206.54
195,30,35,-211.12
200,30,35,-206.52
205,30,35,-250
210,30,35,-250
215,30,35,-250
220,30,35,-250
225,30,35,-250
230,30,35,-250
235,30,35,-250
240,30,35,-250
245,30,35,-250
250,30,35,-250
255,30,35,-250
260,30,35,-250
265,30,35,-250
270,30,35,-250
275,30,35,-250
280,30,35,-250
285,30,35,-250
290,30,35,-250
295,30,35,-250
300,30,35,-250
305,30,35,-250
310,30,35,-250
315,30,35,-250
320,30,35,-250
325,30,35,-250
330,30,35,-250
335,30,35,-250
340,30,35,-250
345,30,35,-250
350,30,35,-250
355,30,35,-250
360,30,35,-250
365,30,35,-250
370,30,35,-250
375,30,35,-250
380,30,35,-250
385,30,35,-250
390,30,35,-250
395,30,35,-250
400,30,35,-250
405,30,35,-250
410,30,35,-250
415,30,35,-250
420,30,35,-250
425,30,35,-250
430,30,35,-250
435,30,35,-250
440,30,35,-250
445,30,35,-250
450,30,35,-250
455,30,35,-250
460,30,35,-250
465,30,35,-250
0,35,35,-250
5,35,35,-250
10,35,35,-250
15,35,35,-250
20,35,35,-250
25,35,35,-250
30,35,35,-250
35,35,35,-250
40,35,35,-250
45,35,35,-250
50,35,35,-250
55,35,35,-250
60,35,35,-250
65,35,35,-115.35
70,35,35,-112.84
75,35,35,-110.61
80,35,35,-109.55
85,35,35,-110.37
90,35,35,-110.8
95,35,35,-111.85
100,35,35,-113.43
105,35,35,-114.9
110,35,35,-116.86
115,35,35,-119.07
120,35,35,-121.63
125,35,35,-124.3
130,35,35,-127.16
135,35,35,-131.65
140,35,35,-136.78
145,35,35,-142.32
150,35,35,-146.29
155,35,35,-152.72
160,35,35,-159.17
165,35,35,-166.63
170,35,35,-176.01
175,35,35,-190.24
180,35,35,-189.61
185,35,35,-192.59
190,35,35,-197.37
195,35,35,-196.41
200,35,35,-200.58
205,35,35,-250
210,35,35,-250
215,35,35,-250
220,35,35,-250
225,35,35,-250
230,35,35,-250
235,35,35,-250
240,35,35,-250
245,35,35,-250
250,35,35,-250
255,35,35,-250
260,35,35,-250
265,35,35,-250
270,35,35,-250
275,35,35,-250
280,35,35,-250
285,35,35,-250
290,35,35,-250
295,35,35,-250
300,35,35,-250
305,35,35,-250
310,35,35,-250
315,35,35,-250
320,35,35,-250
325,35,35,-250
330,35,35,-250
335,35,35,-250
340,35,35,-250
345,35,35,-250
350,35,35,-250
355,35,35,-250
360,35,35,-250
365,35,35,-250
370,35,35,-250
375,35,35,-250
380,35,35,-250
385,35,35,-250
390,35,35,-250
395,35,35,-250
400,35,35,-250
405,35,35,-250
410,35,35,-250
415,35,35,-250
420,35,35,-250
425,35,35,-250
430,35,35,-250
435,35,35,-250
440,35,35,-250
445,35,35,-250
450,35,35,-250
455,35,35,-250
460,35,35,-250
465,35,35,-250
0,40,35,-250
5,40,35,-250
10,40,35,-250
15,40,35,-250
20,40,35,-250
25,40,35,-250
30,40,35,-250
35,40,35,-250
40,40,35,-250
45,40,35,-250
50,40,35,-250
55,40,35,-250
60,40,35,-139
65,40,35,-108.76
70,40,35,-107.13
75,40,35,-105.06
80,40,35,-104.46
85,40,35,-105.21
90,40,35,-106.37
95,40,35,-108.3
100,40,35,-110.54
105,40,35,-113.22
110,40,35,-115.94
115,40,35,-118.85
120,40,35,-121.36
125,40,35,-124.42
130,40,35,-128.26
135,40,35,-132.38
140,40,35,-137.3
145,40,35,-143.42
150,40,35,-151.06
155,40,35,-158.86
160,40,35,-170.27
165,40,35,-176.82
170,40,35,-180.44
175,40,35,-179.67
180,40,35,-180.67
185,40,35,-184.22
190,40,35,-193.78
195,40,35,-195.95
200,40,35,-200.5
205,40,35,-206.56
210,40,35,-250
215,40,35,-250
220,40,35,-250
225,40,35,-250
230,40,35,-250
235,40,35,-250
240,40,35,-250
245,40,35,-250
250,40,35,-250
255,40,35,-250
260,40,35,-250
265,40,35,-250
270,40,35,-250
275,40,35,-250
280,40,35,-250
285,40,35,-250
290,40,35,-250
295,40,35,-250
300,40,35,-250
305,40,35,-250
310,40,35,-250
315,40,35,-250
320,40,35,-250
325,40,35,-250
330,40,35,-250
335,40,35,-250
340,40,35,-250
345,40,35,-250
350,40,35,-250
355,40,35,-250
360,40,35,-250
365,40,35,-250
370,40,35,-250
375,40,35,-250
380,40,35,-250
385,40,35,-250
390,40,35,-250
395,40,35,-250
400,40,35,-250
405,40,35,-250
410,40,35,-250
415,40,35,-250
420,40,35,-250
425,40,35,-250
430,40,35,-250
435,40,35,-250
440,40,35,-250
445,40,35,-250
450,40,35,-250
455,40,35,-250
460,40,35,-250
465,40,35,-250
0,45,35,-250
5,45,35,-250
10,45,35,-250
15,45,35,-250
20,45,35,-250
25,45,35,-250
30,45,35,-250
35,45,35,-250
40,45,35,-250
45,45,35,-250
50,45,35,-250
55,45,35,-250
60,45,35,-106.47
65,45,35,-103.51
70,45,35,-101.79
75,45,35,-100.3
80,45,35,-99.61
85,45,35,-100.19
90,45,35,-102.14
95,45,35,-104.77
100,45,35,-107.71
105,45,35,-111.28
110,45,35,-115.25
115,45,35,-119.3
120,45,35,-123.31
125,45,35,-126.87
130,45,35,-131.03
135,45,35,-137.11
140,45,35,-142.86
145,45,35,-148.65
150,45,35,-162.48
155,45,35,-169.98
160,45,35,-164.5
165,45,35,-166.57
170,45,35,-172.05
175,45,35,-177.47
180,45,35,-180.36
185,45,35,-184.77
190,45,35,-195.82
195,45,35,-200.95
200,45,35,-206.09
205,45,35,-207.82
210,45,35,-212.88
215,45,35,-250
220,45,35,-250
225,45,35,-250
230,45,35,-250
235,45,35,-250
240,45,35,-250
245,45,35,-250
250,45,35,-250
255,45,35,-250
260,45,35,-250
265,45,35,-250
270,45,35,-250
275,45,35,-250
280,45,35,-250
285,45,35,-250
290,45,35,-250
295,45,35,-250
300,45,35,-250
305,45,35,-250
310,45,35,-250
315,45,35,-250
320,45,35,-250
325,45,35,-250
330,45,35,-250
335,45,35,-250
340,45,35,-250
345,45,35,-250
350,45,35,-250
355,45,35,-250
360,45,35,-250
365,45,35,-250
370,45,35,-250
375,45,35,-250
380,45,35,-250
385,45,35,-250
390,45,35,-250
395,45,35,-250
400,45,35,-250
405,45,35,-250
410,45,35,-250
415,45,35,-250
420,45,35,-250
425,45,35,-250
430,45,35,-250
435,45,35,-250
440,45,35,-250
445,45,35,-250
450,45,35,-250
455,45,35,-250
460,45,35,-250
465,45,35,-250
0,50,35,-250
5,50,35,-250
10,50,35,-250
15,50,35,-250
20,50,35,-250
25,50,35,-250
30,50,35,-250
35,50,35,-250
40,50,35,-250
45,50,35,-250
50,50,35,-250
55,50,35,-101.6
60,50,35,-98.98
65,50,35,-96.61
70,50,35,-95.54
75,50,35,-95.4
80,50,35,-95.56
85,50,35,-97.06
90,50,35,-99.25
95,50,35,-102.27
100,50,35,-105.7
105,50,35,-110.59
110,50,35,-115.13
115,50,35,-120.77
120,50,35,-128.21
125,50,35,-135.54
130,50,35,-138.87
135,50,35,-148.23
140,50,35,-149.19
145,50,35,-153.03
150,50,35,-156.58
155,50,35,-155.75
160,50,35,-158.02
165,50,35,-163.94
170,50,35,-172
175,50,35,-180.56
180,50,35,-182.67
185,50,35,-185.74
190,50,35,-188.82
195,50,35,-189.48
200,50,35,-191.11
205,50,35,-195.5
210,50,35,-199.9
215,50,35,-206.97
220,50,35,-250
225,50,35,-250
230,50,35,-250
235,50,35,-250
240,50,35,-250
245,50,35,-250
250,50,35,-250
255,50,35,-250
260,50,35,-250
265,50,35,-250
270,50,35,-250
275,50,35,-250
280,50,35,-250
285,50,35,-250
290,50,35,-250
295,50,35,-250
300,50,35,-250
305,50,35,-250
310,50,35,-250
315,50,35,-250
320,50,35,-250
325,50,35,-250
330,50,35,-250
335,50,35,-250
340,50,35,-250
345,50,35,-250
350,50,35,-250
355,50,35,-250
360,50,35,-250
365,50,35,-250
370,50,35,-250
375,50,35,-250
380,50,35,-250
385,50,35,-250
390,50,35,-250
395,50,35,-250
400,50,35,-250
405,50,35,-250
410,50,35,-250
415,50,35,-250
420,50,35,-250
425,50,35,-250
430,50,35,-250
435,50,35,-250
440,50,35,-250
445,50,35,-250
450,50,35,-250
455,50,35,-250
460,50,35,-250
465,50,35,-250
0,55,35,-250
5,55,35,-250
10,55,35,-250
15,55,35,-250
20,55,35,-250
25,55,35,-250
30,55,35,-250
35,55,35,-250
40,55,35,-250
45,55,35,-250
50,55,35,-98.81
55,55,35,-95.27
60,55,35,-92.12
65,55,35,-90.96
70,55,35,-90.49
75,55,35,-91
80,55,35,-92.73
85,55,35,-94.89
90,55,35,-97.62
95,55,35,-101.27
100,55,35,-105.48
105,55,35,-111.34
110,55,35,-118.9
115,55,35,-128.74
120,55,35,-150.43
125,55,35,-136.31
130,55,35,-138.21
135,55,35,-141.27
140,55,35,-141.59
145,55,35,-147.91
150,55,35,-157.68
155,55,35,-158.26
160,55,35,-167.83
165,55,35,-188.5
170,55,35,-170
175,55,35,-169.62
180,55,35,-169.54
185,55,35,-169.3
190,55,35,-174.55
195,55,35,-179.07
200,55,35,-181.31
205,55,35,-182.54
210,55,35,-193.57
215,55,35,-198.72
220,55,35,-250
225,55,35,-250
230,55,35,-250
235,55,35,-250
240,55,35,-250
245,55,35,-250
250,55,35,-250
255,55,35,-250
260,55,35,-250
265,55,35,-250
270,55,35,-250
275,55,35,-250
280,55,35,-250
285,55,35,-250
290,55,35,-250
295,55,35,-250
300,55,35,-250
305,55,35,-250
310,55,35,-250
315,55,35,-250
320,55,35,-250
325,55,35,-250
330,55,35,-250
335,55,35,-250
340,55,35,-250
345,55,35,-250
350,55,35,-250
355,55,35,-250
360,55,35,-250
365,55,35,-250
370,55,35,-250
375,55,35,-250
380,55,35,-250
385,55,35,-250
390,55,35,-250
395,55,35,-250
400,55,35,-250
405,55,35,-250
410,55,35,-250
415,55,35,-250
420,55,35,-250
425,55,35,-250
430,55,35,-250
435,55,35,-250
440,55,35,-250
445,55,35,-250
450,55,35,-250
455,55,35,-250
460,55,35,-250
465,55,35,-250
0,60,35,-250
5,60,35,-250
10,60,35,-250
15,60,35,-250
20,60,35,-250
25,60,35,-250
30,60,35,-250
35,60,35,-250
40,60,35,-250
45,60,35,-97.04
50,60,35,-92.55
55,60,35,-89.26
60,60,35,-87.28
65,60,35,-85.98
70,60,35,-86.54
75,60,35,-88.3
80,60,35,-90.81
85,60,35,-94.38
90,60,35,-98.6
95,60,35,-102.62
100,60,35,-108.7
105,60,35,-119.4
110,60,35,-135.81
115,60,35,-127.79
120,60,35,-127.87
125,60,35,-131.34
130,60,35,-132.91
135,60,35,-141.82
140,60,35,-147.52
145,60,35,-154.81
150,60,35,-150.64
155,60,35,-151.22
160,60,35,-151.75
165,60,35,-155.94
170,60,35,-156.55
175,60,35,-156.83
180,60,35,-164.65
185,60,35,-167.82
190,60,35,-167.71
195,60,35,-172.95
200,60,35,-181.77
205,60,35,-179.74
210,60,35,-185.65
215,60,35,-193.74
220,60,35,-199.36
225,60,35,-250
230,60,35,-250
235,60,35,-250
240,60,35,-250
245,60,35,-250
250,60,35,-250
255,60,35,-250
260,60,35,-250
265,60,35,-250
270,60,35,-250
275,60,35,-250
280,60,35,-250
285,60,35,-250
290,60,35,-250
295,60,35,-250
300,60,35,-250
305,60,35,-250
310,60,35,-250
315,60,35,-250
320,60,35,-250
325,60,35,-250
330,60,35,-250
335,60,35,-250
340,60,35,-250
345,60,35,-250
350,60,35,-250
355,60,35,-250
360,60,35,-250
365,60,35,-250
370,60,35,-250
375,60,35,-250
380,60,35,-250
385,60,35,-250
390,60,35,-250
395,60,35,-250
400,60,35,-250
405,60,35,-250
410,60,35,-250
415,60,35,-250
420,60,35,-250
425,60,35,-250
430,60,35,-250
435,60,35,-250
440,60,35,-250
445,60,35,-250
450,60,35,-250
455,60,35,-250
460,60,35,-250
465,60,35,-250
0,65,35,-250
5,65,35,-250
10,65,35,-250
15,65,35,-250
20,65,35,-250
25,65,35,-250
30,65,35,-250
35,65,35,-250
40,65,35,-105.43
45,65,35,-90.02
50,65,35,-86.12
55,65,35,-83.99
60,65,35,-83.53
65,65,35,-83.46
70,65,35,-84.44
75,65,35,-86.91
80,65,35,-90.55
85,65,35,-95.36
90,65,35,-102.97
95,65,35,-110
100,65,35,-127.99
105,65,35,-141.37
110,65,35,-121.98
115,65,35,-124
120,65,35,-131.54
125,65,35,-137.52
130,65,35,-139.14
135,65,35,-137.17
140,65,35,-135.99
145,65,35,-134.6
150,65,35,-137.46
155,65,35,-141.19
160,65,35,-144.24
165,65,35,-148.04
170,65,35,-149.03
175,65,35,-152.46
180,65,35,-162.19
185,65,35,-159.36
190,65,35,-169.87
195,65,35,-170.83
200,65,35,-172.94
205,65,35,-186.56
210,65,35,-189.4
215,65,35,-191.86
220,65,35,-196.82
225,65,35,-250
230,65,35,-250
235,65,35,-250
240,65,35,-250
245,65,35,-250
250,65,35,-250
255,65,35,-250
260,65,35,-250
265,65,35,-250
270,65,35,-250
275,65,35,-250
280,65,35,-250
285,65,35,-250
290,65,35,-250
295,65,35,-250
300,65,35,-250
305,65,35,-250
310,65,35,-250
315,65,35,-250
320,65,35,-250
325,65,35,-250
330,65,35,-250
335,65,35,-250
340,65,35,-250
345,65,35,-250
350,65,35,-250
355,65,35,-250
360,65,35,-250
365,65,35,-250
370,65,35,-250
375,65,35,-250
380,65,35,-250
385,65,35,-250
390,65,35,-250
395,65,35,-250
400,65,35,-250
405,65,35,-250
410,65,35,-250
415,65,35,-250
420,65,35,-250
425,65,35,-250
430,65,35,-250
435,65,35,-250
440,65,35,-250
445,65,35,-250
450,65,35,-250
455,65,35,-250
460,65,35,-250
465,65,35,-250
0,70,35,-250
5,70,35,-250
10,70,35,-250
15,70,35,-250
20,70,35,-250
25,70,35,-250
30,70,35,-250
35,70,35,-250
40,70,35,-88.42
45,70,35,-83.8
50,70,35,-80.6
55,70,35,-79.81
60,70,35,-80.53
65,70,35,-82.6
70,70,35,-84.82
75,70,35,-87.44
80,70,35,-92.14
85,70,35,-102.38
90,70,35,-113.14
95,70,35,-112.46
100,70,35,-112.33
105,70,35,-115.55
110,70,35,-120.15
115,70,35,-132.84
120,70,35,-121.76
125,70,35,-123.65
130,70,35,-121.33
135,70,35,-121.93
140,70,35,-125.84
145,70,35,-126.79
150,70,35,-129.97
155,70,35,-135.11
160,70,35,-139.9
165,70,35,-141.7
170,70,35,-148.87
175,70,35,-152.47
180,70,35,-151.9
185,70,35,-157.56
190,70,35,-164.4
195,70,35,-169.31
200,70,35,-180.31
205,70,35,-184.24
210,70,35,-184.61
215,70,35,-187.29
220,70,35,-195.71
225,70,35,-200.6
230,70,35,-250
235,70,35,-250
240,70,35,-250
245,70,35,-250
250,70,35,-250
255,70,35,-250
260,70,35,-250
265,70,35,-250
270,70,35,-250
275,70,35,-250
280,70,35,-250
285,70,35,-250
290,70,35,-250
295,70,35,-250
300,70,35,-250
305,70,35,-250
310,70,35,-250
315,70,35,-250
320,70,35,-250
325,70,35,-250
330,70,35,-250
335,70,35,-250
340,70,35,-250
345,70,35,-250
350,70,35,-250
355,70,35,-250
360,70,35,-250
365,70,35,-250
370,70,35,-250
375,70,35,-250
380,70,35,-250
385,70,35,-250
390,70,35,-250
395,70,35,-250
400,70,35,-250
405,70,35,-250
410,70,35,-250
415,70,35,-250
420,70,35,-250
425,70,35,-250
430,70,35,-250
435,70,35,-250
440,70,35,-250
445,70,35,-250
450,70,35,-250
455,70,35,-250
460,70,35,-250
465,70,35,-250
0,75,35,-250
5,75,35,-250
10,75,35,-250
15,75,35,-250
20,75,35,-250
25,75,35,-250
30,75,35,-250
35,75,35,-86.78
40,75,35,-80.73
45,75,35,-77.28
50,75,35,-76.18
55,75,35,-76.18
60,75,35,-78.31
65,75,35,-83.26
70,75,35,-90.28
75,75,35,-94.48
80,75,35,-99.92
85,75,35,-118.42
90,75,35,-112.13
95,75,35,-111.78
100,75,35,-120.08
105,75,35,-117.13
110,75,35,-115.58
115,75,35,-112.78
120,75,35,-113.38
125,75,35,-112.97
130,75,35,-114.07
135,75,35,-114.85
140,75,35,-120.76
145,75,35,-122.92
150,75,35,-125.33
155,75,35,-130.42
160,75,35,-135
165,75,35,-142.4
170,75,35,-145.83
175,75,35,-150.05
180,75,35,-152.33
185,75,35,-157.75
190,75,35,-166.17
195,75,35,-168.24
200,75,35,-174.25
205,75,35,-179.03
210,75,35,-186.31
215,75,35,-188.39
220,75,35,-196.01
225,75,35,-200.77
230,75,35,-250
235,75,35,-250
240,75,35,-250
245,75,35,-250
250,75,35,-250
255,75,35,-250
260,75,35,-250
265,75,35,-250
270,75,35,-250
275,75,35,-250
280,75,35,-250
285,75,35,-250
290,75,35,-250
295,75,35,-250
300,75,35,-250
305,75,35,-250
310,75,35,-250
315,75,35,-250
320,75,35,-250
325,75,35,-250
330,75,35,-250
335,75,35,-250
340,75,35,-250
345,75,35,-250
350,75,35,-250
355,75,35,-250
360,75,35,-250
365,75,35,-250
370,75,35,-250
375,75,35,-250
380,75,35,-250
385,75,35,-250
390,75,35,-250
395,75,35,-250
400,75,35,-250
405,75,35,-250
410,75,35,-250
415,75,35,-250
420,75,35,-250
425,75,35,-250
430,75,35,-250
435,75,35,-250
440,75,35,-250
445,75,35,-250
450,75,35,-250
455,75,35,-250
460,75,35,-250
465,75,35,-250
0,80,35,-250
5,80,35,-250
10,80,35,-250
15,80,35,-250
20,80,35,-250
25,80,35,-250
30,80,35,-108.88
35,80,35,-78.56
40,80,35,-74.79
45,80,35,-72.76
50,80,35,-73.18
55,80,35,-75.56
60,80,35,-79.64
65,80,35,-86.9
70,80,35,-99.2
75,80,35,-103.81
80,80,35,-97.66
85,80,35,-109.29
90,80,35,-117.03
95,80,35,-104.23
100,80,35,-102.43
105,80,35,-100.29
110,80,35,-102.13
115,80,35,-102.62
120,80,35,-103.95
125,80,35,-106.06
130,80,35,-109.17
135,80,35,-110.84
140,80,35,-116.09
145,80,35,-121.05
150,80,35,-123.34
155,80,35,-127.47
160,80,35,-135.03
165,80,35,-141.95
170,80,35,-145.15
175,80,35,-150.86
180,80,35,-155.9
185,80,35,-157.96
190,80,35,-164.58
195,80,35,-166.72
200,80,35,-171.62
205,80,35,-177.84
210,80,35,-192.8
215,80,35,-190.99
220,80,35,-198.58
225,80,35,-203.77
230,80,35,-207.71
235,80,35,-250
240,80,35,-250
245,80,35,-250
250,80,35,-250
255,80,35,-250
260,80,35,-250
265,80,35,-250
270,80,35,-250
275,80,35,-250
280,80,35,-250
285,80,35,-250
290,80,35,-250
295,80,35,-250
300,80,35,-250
305,80,35,-250
310,80,35,-250
315,80,35,-250
320,80,35,-250
325,80,35,-250
330,80,35,-250
335,80,35,-250
340,80,35,-250
345,80,35,-250
350,80,35,-250
355,80,35,-250
360,80,35,-250
365,80,35,-250
370,80,35,-250
375,80,35,-250
380,80,35,-250
385,80,35,-250
390,80,35,-250
395,80,35,-250
400,80,35,-250
405,80,35,-250
410,80,35,-250
415,80,35,-250
420,80,35,-250
425,80,35,-250
430,80,35,-250
435,80,35,-250
440,80,35,-250
445,80,35,-250
450,80,35,-250
455,80,35,-250
460,80,35,-250
465,80,35,-250
0,85,35,-250
5,85,35,-250
10,85,35,-250
15,85,35,-250
20,85,35,-250
25,85,35,-250
30,85,35,-79.69
35,85,35,-73.11
40,85,35,-70.21
45,85,35,-70.6
50,85,35,-73.53
55,85,35,-78.31
60,85,35,-88.08
65,85,35,-102.59
70,85,35,-95.67
75,85,35,-100.16
80,85,35,-131.81
85,85,35,-93.79
90,85,35,-92.86
95,85,35,-92.7
100,85,35,-93.25
105,85,35,-93.27
110,85,35,-95.52
115,85,35,-97.38
120,85,35,-99.51
125,85,35,-101.75
130,85,35,-106.87
135,85,35,-109.28
140,85,35,-113.01
145,85,35,-119.68
150,85,35,-123.48
155,85,35,-127.94
160,85,35,-134.04
165,85,35,-140.35
170,85,35,-146.32
175,85,35,-156.25
180,85,35,-161.56
185,85,35,-159.8
190,85,35,-163.72
195,85,35,-167.67
200,85,35,-172.77
205,85,35,-180.95
210,85,35,-194.01
215,85,35,-196.39
220,85,35,-198.76
225,85,35,-209.22
230,85,35,-213.09
235,85,35,-250
240,85,35,-250
245,85,35,-250
250,85,35,-250
255,85,35,-250
260,85,35,-250
265,85,35,-250
270,85,35,-250
275,85,35,-250
280,85,35,-250
285,85,35,-250
290,85,35,-250
295,85,35,-250
300,85,35,-250
305,85,35,-250
310,85,35,-250
315,85,35,-250
320,85,35,-250
325,85,35,-250
330,85,35,-250
335,85,35,-250
340,85,35,-250
345,85,35,-250
350,85,35,-250
355,85,35,-250
360,85,35,-250
365,85,35,-250
370,85,35,-250
375,85,35,-250
380,85,35,-250
385,85,35,-250
390,85,35,-250
395,85,35,-250
400,85,35,-250
405,85,35,-250
410,85,35,-250
415,85,35,-250
420,85,35,-250
425,85,35,-250
430,85,35,-250
435,85,35,-250
440,85,35,-250
445,85,35,-250
450,85,35,-250
455,85,35,-250
460,85,35,-250
465,85,35,-250
0,90,35,-250
5,90,35,-250
10,90,35,-250
15,90,35,-250
20,90,35,-250
25,90,35,-81.82
30,90,35,-73
35,90,35,-69.25
40,90,35,-68.93
45,90,35,-70.35
50,90,35,-79.61
55,90,35,-94.23
60,90,35,-92.45
65,90,35,-95.06
70,90,35,-101.37
75,90,35,-90.49
80,90,35,-85.7
85,90,35,-84.96
90,90,35,-85.84
95,90,35,-86.72
100,90,35,-88.48
105,90,35,-91.33
110,90,35,-93.64
115,90,35,-96.29
120,90,35,-99.03
125,90,35,-101.97
130,90,35,-104.71
135,90,35,-111.68
140,90,35,-116.59
145,90,35,-119.09
150,90,35,-124.51
155,90,35,-136
160,90,35,-145.24
165,90,35,-143.19
170,90,35,-148.11
175,90,35,-153.56
180,90,35,-168.23
185,90,35,-167.31
190,90,35,-171.18
195,90,35,-174.33
200,90,35,-178.3
205,90,35,-183.03
210,90,35,-187.63
215,90,35,-200.27
220,90,35,-208.94
225,90,35,-250
230,90,35,-250
235,90,35,-250
240,90,35,-250
245,90,35,-250
250,90,35,-250
255,90,35,-250
260,90,35,-250
265,90,35,-250
270,90,35,-250
275,90,35,-250
280,90,35,-250
285,90,35,-250
290,90,35,-250
295,90,35,-250
300,90,35,-250
305,90,35,-250
310,90,35,-250
315,90,35,-250
320,90,35,-250
325,90,35,-250
330,90,35,-250
335,90,35,-250
340,90,35,-250
345,90,35,-250
350,90,35,-250
355,90,35,-250
360,90,35,-250
365,90,35,-250
370,90,35,-250
375,90,35,-250
380,90,35,-250
385,90,35,-250
390,90,35,-250
395,90,35,-250
400,90,35,-250
405,90,35,-250
410,90,35,-250
415,90,35,-250
420,90,35,-250
425,90,35,-250
430,90,35,-250
435,90,35,-250
440,90,35,-250
445,90,35,-250
450,90,35,-250
455,90,35,-250
460,90,35,-250
465,90,35,-250
0,95,35,-250
5,95,35,-250
10,95,35,-250
15,95,35,-250
20,95,35,-250
25,95,35,-75.27
30,95,35,-69.21
35,95,35,-68.01
40,95,35,-71.03
45,95,35,-79.2
50,95,35,-112.42
55,95,35,-90.96
60,95,35,-105.86
65,95,35,-85.4
70,95,35,-81.11
75,95,35,-80.38
80,95,35,-80.21
85,95,35,-81.85
90,95,35,-83.32
95,95,35,-85.83
100,95,35,-88.35
105,95,35,-91.58
110,95,35,-95.28
115,95,35,-98.91
120,95,35,-101.93
125,95,35,-107.63
130,95,35,-113.4
135,95,35,-116.66
140,95,35,-120.19
145,95,35,-138.38
150,95,35,-133.51
155,95,35,-140.47
160,95,35,-143.25
165,95,35,-141.5
170,95,35,-146.25
175,95,35,-156.63
180,95,35,-170.99
185,95,35,-169.61
190,95,35,-170.97
195,95,35,-181.92
200,95,35,-191.54
205,95,35,-188.85
210,95,35,-197.23
215,95,35,-212.93
220,95,35,-214.61
225,95,35,-214.06
230,95,35,-215.71
235,95,35,-219.55
240,95,35,-250
245,95,35,-250
250,95,35,-250
255,95,35,-250
260,95,35,-250
265,95,35,-250
270,95,35,-250
275,95,35,-250
280,95,35,-250
285,95,35,-250
290,95,35,-250
295,95,35,-250
300,95,35,-250
305,95,35,-250
310,95,35,-250
315,95,35,-250
320,95,35,-250
325,95,35,-250
330,95,35,-250
335,95,35,-250
340,95,35,-250
345,95,35,-250
350,95,35,-250
355,95,35,-250
360,95,35,-250
365,95,35,-250
370,95,35,-250
375,95,35,-250
380,95,35,-250
385,95,35,-250
390,95,35,-250
395,95,35,-250
400,95,35,-250
405,95,35,-250
410,95,35,-250
415,95,35,-250
420,95,35,-250
425,95,35,-250
430,95,35,-250
435,95,35,-250
440,95,35,-250
445,95,35,-250
450,95,35,-250
455,95,35,-250
460,95,35,-250
465,95,35,-250
0,100,35,-250
5,100,35,-250
10,100,35,-250
15,100,35,-250
20,100,35,-81.41
25,100,35,-72.29
30,100,35,-68.48
35,100,35,-70.4
40,100,35,-92.61
45,100,35,-79.06
50,100,35,-78.69
55,100,35,-85.64
60,100,35,-80.39
65,100,35,-77.76
70,100,35,-77.19
75,100,35,-78.65
80,100,35,-80.49
85,100,35,-82.97
90,100,35,-86.27
95,100,35,-91.25
100,100,35,-94.59
105,100,35,-105.8
110,100,35,-112.5
115,100,35,-108.77
120,100,35,-119.16
125,100,35,-109.49
130,100,35,-109.4
135,100,35,-114
140,100,35,-117.08
145,100,35,-119.01
150,100,35,-121.77
155,100,35,-124.18
160,100,35,-128.62
165,100,35,-135.94
170,100,35,-143.31
175,100,35,-149.41
180,100,35,-153.9
185,100,35,-159.11
190,100,35,-167.6
195,100,35,-177.52
200,100,35,-184.28
205,100,35,-185.84
210,100,35,-186.79
215,100,35,-191.66
220,100,35,-198.11
225,100,35,-206.91
230,100,35,-212.89
235,100,35,-218.27
240,100,35,-250
245,100,35,-250
250,100,35,-250
255,100,35,-250
260,100,35,-250
265,100,35,-250
270,100,35,-250
275,100,35,-250
280,100,35,-250
285,100,35,-250
290,100,35,-250
295,100,35,-250
300,100,35,-250
305,100,35,-250
310,100,35,-250
315,100,35,-250
320,100,35,-250
325,100,35,-250
330,100,35,-250
335,100,35,-250
340,100,35,-250
345,100,35,-250
350,100,35,-250
355,100,35,-250
360,100,35,-250
365,100,35,-250
370,100,35,-250
375,100,35,-250
380,100,35,-250
385,100,35,-250
390,100,35,-250
395,100,35,-250
400,100,35,-250
405,100,35,-250
410,100,35,-250
415,100,35,-250
420,100,35,-250
425,100,35,-250
430,100,35,-250
435,100,35,-250
440,100,35,-250
445,100,35,-250
450,100,35,-250
455,100,35,-250
460,100,35,-250
465,100,35,-250
0,105,35,-250
5,105,35,-250
10,105,35,-250
15,105,35,-250
20,105,35,-77.56
25,105,35,-72.03
30,105,35,-72.83
35,105,35,-76.83
40,105,35,-77.69
45,105,35,-76.44
50,105,35,-74.5
55,105,35,-79.76
60,105,35,-77.28
65,105,35,-77.82
70,105,35,-81.13
75,105,35,-83.95
80,105,35,-86.23
85,105,35,-94.82
90,105,35,-104.51
95,105,35,-115.02
100,105,35,-102.63
105,105,35,-101.34
110,105,35,-103.26
115,105,35,-103.49
120,105,35,-104.15
125,105,35,-104.47
130,105,35,-105.75
135,105,35,-107.32
140,105,35,-109.98
145,105,35,-112.66
150,105,35,-116.94
155,105,35,-120.68
160,105,35,-126.21
165,105,35,-133.35
170,105,35,-138.63
175,105,35,-144.86
180,105,35,-153.86
185,105,35,-162.03
190,105,35,-169.97
195,105,35,-178.17
200,105,35,-180.84
205,105,35,-183.64
210,105,35,-192.46
215,105,35,-198.93
220,105,35,-205.42
225,105,35,-206.64
230,105,35,-213.7
235,105,35,-217.58
240,105,35,-250
245,105,35,-250
250,105,35,-250
255,105,35,-250
260,105,35,-250
265,105,35,-250
270,105,35,-250
275,105,35,-250
280,105,35,-250
285,105,35,-250
290,105,35,-250
295,105,35,-250
300,105,35,-250
305,105,35,-250
310,105,35,-250
315,105,35,-250
320,105,35,-250
325,105,35,-250
330,105,35,-250
335,105,35,-250
340,105,35,-250
345,105,35,-250
350,105,35,-250
355,105,35,-250
360,105,35,-250
365,105,35,-250
370,105,35,-250
375,105,35,-250
380,105,35,-250
385,105,35,-250
390,105,35,-250
395,105,35,-250
400,105,35,-250
405,105,35,-250
410,105,35,-250
415,105,35,-250
420,105,35,-250
425,105,35,-250
430,105,35,-250
435,105,35,-250
440,105,35,-250
445,105,35,-250
450,105,35,-250
455,105,35,-250
460,105,35,-250
465,105,35,-250
0,110,35,-250
5,110,35,-250
10,110,35,-250
15,110,35,-87.11
20,110,35,-79.22
25,110,35,-80.62
30,110,35,-102.66
35,110,35,-81.57
40,110,35,-77.18
45,110,35,-76.47
50,110,35,-76.06
55,110,35,-85.87
60,110,35,-86.27
65,110,35,-87.98
70,110,35,-91.87
75,110,35,-99.27
80,110,35,-100.03
85,110,35,-93.6
90,110,35,-91.53
95,110,35,-91.95
100,110,35,-92.92
105,110,35,-95.48
110,110,35,-98.64
115,110,35,-102.25
120,110,35,-105.04
125,110,35,-106.69
130,110,35,-107.52
135,110,35,-110.76
140,110,35,-113.79
145,110,35,-118.4
150,110,35,-118.39
155,110,35,-119.56
160,110,35,-124.32
165,110,35,-135.81
170,110,35,-144.78
175,110,35,-150.6
180,110,35,-158.25
185,110,35,-166.79
190,110,35,-175.78
195,110,35,-184.18
200,110,35,-190.33
205,110,35,-188.97
210,110,35,-191.67
215,110,35,-191.79
220,110,35,-202.89
225,110,35,-218.76
230,110,35,-218.43
235,110,35,-250
240,110,35,-250
245,110,35,-250
250,110,35,-250
255,110,35,-250
260,110,35,-250
265,110,35,-250
270,110,35,-250
275,110,35,-250
280,110,35,-250
285,110,35,-250
290,110,35,-250
295,110,35,-250
300,110,35,-250
305,110,35,-250
310,110,35,-250
315,110,35,-250
320,110,35,-250
325,110,35,-250
330,110,35,-250
335,110,35,-250
340,110,35,-250
345,110,35,-250
350,110,35,-250
355,110,35,-250
360,110,35,-250
365,110,35,-250
370,110,35,-250
375,110,35,-250
380,110,35,-250
385,110,35,-250
390,110,35,-250
395,110,35,-250
400,110,35,-250
405,110,35,-250
410,110,35,-250
415,110,35,-250
420,110,35,-250
425,110,35,-250
430,110,35,-250
435,110,35,-250
440,110,35,-250
445,110,35,-250
450,110,35,-250
455,110,35,-250
460,110,35,-250
465,110,35,-250
0,115,35,-250
5,115,35,-250
10,115,35,-250
15,115,35,-95.25
20,115,35,-85.8
25,115,35,-77.38
30,115,35,-85.27
35,115,35,-79.33
40,115,35,-75.05
45,115,35,-71.06
50,115,35,-83.67
55,115,35,-85.74
60,115,35,-107.08
65,115,35,-107.43
70,115,35,-98.93
75,115,35,-94.54
80,115,35,-94.88
85,115,35,-94.87
90,115,35,-93.7
95,115,35,-94.75
100,115,35,-97.76
105,115,35,-98
110,115,35,-99.48
115,115,35,-102.74
120,115,35,-110.14
125,115,35,-117.2
130,115,35,-118.05
135,115,35,-113.56
140,115,35,-115.79
145,115,35,-121.33
150,115,35,-125.64
155,115,35,-128.9
160,115,35,-139.55
165,115,35,-142.82
170,115,35,-142.07
175,115,35,-144.42
180,115,35,-155.8
185,115,35,-168.85
190,115,35,-173.7
195,115,35,-178.55
200,115,35,-188.23
205,115,35,-197.92
210,115,35,-198.59
215,115,35,-198.31
220,115,35,-204.65
225,115,35,-218.51
230,115,35,-250
235,115,35,-250
240,115,35,-250
245,115,35,-250
250,115,35,-250
255,115,35,-250
260,115,35,-250
265,115,35,-250
270,115,35,-250
275,115,35,-250
280,115,35,-250
285,115,35,-250
290,115,35,-250
295,115,35,-250
300,115,35,-250
305,115,35,-250
310,115,35,-250
315,115,35,-250
320,115,35,-250
325,115,35,-250
330,115,35,-250
335,115,35,-250
340,115,35,-250
345,115,35,-250
350,115,35,-250
355,115,35,-250
360,115,35,-250
365,115,35,-250
370,115,35,-250
375,115,35,-250
380,115,35,-250
385,115,35,-250
390,115,35,-250
395,115,35,-250
400,115,35,-250
405,115,35,-250
410,115,35,-250
415,115,35,-250
420,115,35,-250
425,115,35,-250
430,115,35,-250
435,115,35,-250
440,115,35,-250
445,115,35,-250
450,115,35,-250
455,115,35,-250
460,115,35,-250
465,115,35,-250
0,120,35,-250
5,120,35,-250
10,120,35,-123.3
15,120,35,-82.38
20,120,35,-71.05
25,120,35,-71.91
30,120,35,-89.39
35,120,35,-93.81
40,120,35,-66.79
45,120,35,-67.36
50,120,35,-78.38
55,120,35,-91.6
60,120,35,-87.73
65,120,35,-85.68
70,120,35,-92.16
75,120,35,-100.46
80,120,35,-101.84
85,120,35,-99.59
90,120,35,-97.84
95,120,35,-99.78
100,120,35,-102.54
105,120,35,-103.83
110,120,35,-98.88
115,120,35,-98.04
120,120,35,-98.09
125,120,35,-98.66
130,120,35,-98.34
135,120,35,-99
140,120,35,-102.06
145,120,35,-105.92
150,120,35,-107.08
155,120,35,-110.71
160,120,35,-114.07
165,120,35,-121.03
170,120,35,-124.19
175,120,35,-131.06
180,120,35,-141.71
185,120,35,-156.58
190,120,35,-170.44
195,120,35,-177.26
200,120,35,-185.99
205,120,35,-189.96
210,120,35,-198.33
215,120,35,-202.58
220,120,35,-206.83
225,120,35,-212.49
230,120,35,-217.08
235,120,35,-250
240,120,35,-250
245,120,35,-250
250,120,35,-250
255,120,35,-250
260,120,35,-250
265,120,35,-250
270,120,35,-250
275,120,35,-250
280,120,35,-250
285,120,35,-250
290,120,35,-250
295,120,35,-250
300,120,35,-250
305,120,35,-250
310,120,35,-250
315,120,35,-250
320,120,35,-250
325,120,35,-250
330,120,35,-250
335,120,35,-250
340,120,35,-250
345,120,35,-250
350,120,35,-250
355,120,35,-250
360,120,35,-250
365,120,35,-250
370,120,35,-250
375,120,35,-250
380,120,35,-250
385,120,35,-250
390,120,35,-250
395,120,35,-250
400,120,35,-250
405,120,35,-250
410,120,35,-250
415,120,35,-250
420,120,35,-250
425,120,35,-250
430,120,35,-250
435,120,35,-250
440,120,35,-250
445,120,35,-250
450,120,35,-250
455,120,35,-250
460,120,35,-250
465,120,35,-250
0,125,35,-250
5,125,35,-250
10,125,35,-90.84
15,125,35,-73.92
20,125,35,-66.87
25,125,35,-74.47
30,125,35,-79.76
35,125,35,-73.83
40,125,35,-62.67
45,125,35,-67.62
50,125,35,-103.39
55,125,35,-77.06
60,125,35,-76.82
65,125,35,-82.62
70,125,35,-106.07
75,125,35,-100.51
80,125,35,-93.74
85,125,35,-93.13
90,125,35,-93.39
95,125,35,-96.3
100,125,35,-101.65
105,125,35,-105.55
110,125,35,-100.15
115,125,35,-98.31
120,125,35,-96.22
125,125,35,-95.18
130,125,35,-95.12
135,125,35,-96.25
140,125,35,-97.31
145,125,35,-99.07
150,125,35,-101.79
155,125,35,-104.57
160,125,35,-106.58
165,125,35,-111.36
170,125,35,-116.8
175,125,35,-122.11
180,125,35,-132.7
185,125,35,-153.29
190,125,35,-162.64
195,125,35,-173.17
200,125,35,-184.19
205,125,35,-186.16
210,125,35,-193.72
215,125,35,-198.75
220,125,35,-205.16
225,125,35,-208.14
230,125,35,-213.06
235,125,35,-219.52
240,125,35,-250
245,125,35,-250
250,125,35,-250
255,125,35,-250
260,125,35,-250
265,125,35,-250
270,125,35,-250
275,125,35,-250
280,125,35,-250
285,125,35,-250
290,125,35,-250
295,125,35,-250
300,125,35,-250
305,125,35,-250
310,125,35,-250
315,125,35,-250
320,125,35,-250
325,125,35,-250
330,125,35,-250
335,125,35,-250
340,125,35,-250
345,125,35,-250
350,125,35,-250
355,125,35,-250
360,125,35,-250
365,125,35,-250
370,125,35,-250
375,125,35,-250
380,125,35,-250
385,125,35,-250
390,125,35,-250
395,125,35,-250
400,125,35,-250
405,125,35,-250
410,125,35,-250
415,125,35,-250
420,125,35,-250
425,125,35,-250
430,125,35,-250
435,125,35,-250
440,125,35,-250
445,125,35,-250
450,125,35,-250
455,125,35,-250
460,125,35,-250
465,125,35,-250
0,130,35,-250
5,130,35,-250
10,130,35,-83.5
15,130,35,-69.91
20,130,35,-65.65
25,130,35,-77.13
30,130,35,-89.82
35,130,35,-67.49
40,130,35,-62.09
45,130,35,-70.57
50,130,35,-75.59
55,130,35,-72.45
60,130,35,-76.64
65,130,35,-99.12
70,130,35,-79.13
75,130,35,-77.17
80,130,35,-79.87
85,130,35,-80.53
90,130,35,-83.3
95,130,35,-85.58
100,130,35,-89.43
105,130,35,-93.62
110,130,35,-99.03
115,130,35,-100.63
120,130,35,-101.66
125,130,35,-98.07
130,130,35,-96.86
135,130,35,-96.56
140,130,35,-96.8
145,130,35,-97.65
150,130,35,-98.88
155,130,35,-100.43
160,130,35,-102.78
165,130,35,-106
170,130,35,-111.74
175,130,35,-117.35
180,130,35,-123.57
185,130,35,-141.1
190,130,35,-158.88
195,130,35,-173.03
200,130,35,-179.05
205,130,35,-185.87
210,130,35,-196.64
215,130,35,-199.38
220,130,35,-203.64
225,130,35,-207.03
230,130,35,-210.47
235,130,35,-214.35
240,130,35,-250
245,130,35,-250
250,130,35,-250
255,130,35,-250
260,130,35,-250
265,130,35,-250
270,130,35,-250
275,130,35,-250
280,130,35,-250
285,130,35,-250
290,130,35,-250
295,130,35,-250
300,130,35,-250
305,130,35,-250
310,130,35,-250
315,130,35,-250
320,130,35,-250
325,130,35,-250
330,130,35,-250
335,130,35,-250
340,130,35,-250
345,130,35,-250
350,130,35,-250
355,130,35,-250
360,130,35,-250
365,130,35,-250
370,130,35,-250
375,130,35,-250
380,130,35,-250
385,130,35,-250
390,130,35,-250
395,130,35,-250
400,130,35,-250
405,130,35,-250
410,130,35,-250
415,130,35,-250
420,130,35,-250
425,130,35,-250
430,130,35,-250
435,130,35,-250
440,130,35,-250
445,130,35,-250
450,130,35,-250
455,130,35,-250
460,130,35,-250
465,130,35,-250
0,135,35,-250
5,135,35,-250
10,135,35,-79.19
15,135,35,-68.9
20,135,35,-65.64
25,135,35,-75.53
30,135,35,-82.04
35,135,35,-66.52
40,135,35,-62.44
45,135,35,-69.17
50,135,35,-79.38
55,135,35,-71.47
60,135,35,-85.32
65,135,35,-78.7
70,135,35,-73.16
75,135,35,-72.27
80,135,35,-72.52
85,135,35,-74.25
90,135,35,-76.99
95,135,35,-78.05
100,135,35,-80.43
105,135,35,-83.32
110,135,35,-87.01
115,135,35,-91.49
120,135,35,-97.83
125,135,35,-103.54
130,135,35,-100.29
135,135,35,-98.67
140,135,35,-98.55
145,135,35,-98.73
150,135,35,-99.07
155,135,35,-99.87
160,135,35,-101.39
165,135,35,-104.13
170,135,35,-108.11
175,135,35,-113.43
180,135,35,-118.58
185,135,35,-135.5
190,135,35,-156.24
195,135,35,-172.47
200,135,35,-185.43
205,135,35,-183.85
210,135,35,-192.85
215,135,35,-197.51
220,135,35,-202.18
225,135,35,-207.76
230,135,35,-210.54
235,135,35,-213.48
240,135,35,-250
245,135,35,-250
250,135,35,-250
255,135,35,-250
260,135,35,-250
265,135,35,-250
270,135,35,-250
275,135,35,-250
280,135,35,-250
285,135,35,-250
290,135,35,-250
295,135,35,-250
300,135,35,-250
305,135,35,-250
310,135,35,-250
315,135,35,-250
320,135,35,-250
325,135,35,-250
330,135,35,-250
335,135,35,-250
340,135,35,-250
345,135,35,-250
350,135,35,-250
355,135,35,-250
360,135,35,-250
365,135,35,-250
370,135,35,-250
375,135,35,-250
380,135,35,-250
385,135,35,-250
390,135,35,-250
395,135,35,-250
400,135,35,-250
405,135,35,-250
410,135,35,-250
415,135,35,-250
420,135,35,-250
425,135,35,-250
430,135,35,-250
435,135,35,-250
440,135,35,-250
445,135,35,-250
450,135,35,-250
455,135,35,-250
460,135,35,-250
465,135,35,-250
0,140,35,-250
5,140,35,-250
10,140,35,-79.14
15,140,35,-68.85
20,140,35,-66.68
25,140,35,-80.72
30,140,35,-78.54
35,140,35,-66.84
40,140,35,-62.93
45,140,35,-68.61
50,140,35,-76.06
55,140,35,-71.25
60,140,35,-83.51
65,140,35,-74.69
70,140,35,-69.24
75,140,35,-68.51
80,140,35,-69.36
85,140,35,-71.11
90,140,35,-73.27
95,140,35,-75.04
100,140,35,-77.4
105,140,35,-80.04
110,140,35,-83.31
115,140,35,-86.39
120,140,35,-88.24
125,140,35,-92.87
130,140,35,-99.17
135,140,35,-106.28
140,140,35,-107.47
145,140,35,-103.43
150,140,35,-102.31
155,140,35,-101.86
160,140,35,-102.96
165,140,35,-105.3
170,140,35,-107.67
175,140,35,-112.93
180,140,35,-117.9
185,140,35,-133.9
190,140,35,-157.08
195,140,35,-176.72
200,140,35,-187.66
205,140,35,-189.36
210,140,35,-192.85
215,140,35,-199.58
220,140,35,-206.32
225,140,35,-208.47
230,140,35,-211.17
235,140,35,-213.82
240,140,35,-250
245,140,35,-250
250,140,35,-250
255,140,35,-250
260,140,35,-250
265,140,35,-250
270,140,35,-250
275,140,35,-250
280,140,35,-250
285,140,35,-250
290,140,35,-250
295,140,35,-250
300,140,35,-250
305,140,35,-250
310,140,35,-250
315,140,35,-250
320,140,35,-250
325,140,35,-250
330,140,35,-250
335,140,35,-250
340,140,35,-250
345,140,35,-250
350,140,35,-250
355,140,35,-250
360,140,35,-250
365,140,35,-250
370,140,35,-250
375,140,35,-250
380,140,35,-250
385,140,35,-250
390,140,35,-250
395,140,35,-250
400,140,35,-250
405,140,35,-250
410,140,35,-250
415,140,35,-250
420,140,35,-250
425,140,35,-250
430,140,35,-250
435,140,35,-250
440,140,35,-250
445,140,35,-250
450,140,35,-250
455,140,35,-250
460,140,35,-250
465,140,35,-250
0,145,35,-250
5,145,35,-134.03
10,145,35,-78.14
15,145,35,-69.95
20,145,35,-68.23
25,145,35,-76.92
30,145,35,-83.81
35,145,35,-69.63
40,145,35,-64.49
45,145,35,-68.37
50,145,35,-84.38
55,145,35,-72.08
60,145,35,-76.38
65,145,35,-74.99
70,145,35,-69.37
75,145,35,-67.7
80,145,35,-68.43
85,145,35,-69.74
90,145,35,-71.54
95,145,35,-73.59
100,145,35,-76.3
105,145,35,-79.2
110,145,35,-82.15
115,145,35,-84.47
120,145,35,-86.26
125,145,35,-90.99
130,145,35,-94.39
135,145,35,-96.9
140,145,35,-101.96
145,145,35,-114.47
150,145,35,-115.63
155,145,35,-113.32
160,145,35,-111.49
165,145,35,-113.2
170,145,35,-114.82
175,145,35,-119.04
180,145,35,-126.41
185,145,35,-135.42
190,145,35,-173.8
195,145,35,-185.81
200,145,35,-192.5
205,145,35,-198.82
210,145,35,-195.38
215,145,35,-205.17
220,145,35,-211.19
225,145,35,-210.41
230,145,35,-212.7
235,145,35,-215.14
240,145,35,-250
245,145,35,-250
250,145,35,-250
255,145,35,-250
260,145,35,-250
265,145,35,-250
270,145,35,-250
275,145,35,-250
280,145,35,-250
285,145,35,-250
290,145,35,-250
295,145,35,-250
300,145,35,-250
305,145,35,-250
310,145,35,-250
315,145,35,-250
320,145,35,-250
325,145,35,-250
330,145,35,-250
335,145,35,-250
340,145,35,-250
345,145,35,-250
350,145,35,-250
355,145,35,-250
360,145,35,-250
365,145,35,-250
370,145,35,-250
375,145,35,-250
380,145,35,-250
385,145,35,-250
390,145,35,-250
395,145,35,-250
400,145,35,-250
405,145,35,-250
410,145,35,-250
415,145,35,-250
420,145,35,-250
425,145,35,-250
430,145,35,-250
435,145,35,-250
440,145,35,-250
445,145,35,-250
450,145,35,-250
455,145,35,-250
460,145,35,-250
465,145,35,-250
0,150,35,-250
5,150,35,-92.47
10,150,35,-79.57
15,150,35,-72.13
20,150,35,-68.62
25,150,35,-73.96
30,150,35,-81.32
35,150,35,-79.99
40,150,35,-67.61
45,150,35,-67.87
50,150,35,-92.67
55,150,35,-74.6
60,150,35,-76.55
65,150,35,-109.19
70,150,35,-74.85
75,150,35,-69.1
80,150,35,-68.1
85,150,35,-68.86
90,150,35,-70.66
95,150,35,-73.62
100,150,35,-75.54
105,150,35,-78.52
110,150,35,-81.63
115,150,35,-84.98
120,150,35,-88.5
125,150,35,-95.36
130,150,35,-96.57
135,150,35,-95.68
140,150,35,-102.51
145,150,35,-111.75
150,150,35,-116.61
155,150,35,-121.08
160,150,35,-120.39
165,150,35,-119.73
170,150,35,-123.43
175,150,35,-132.14
180,150,35,-135.4
185,150,35,-140.78
190,150,35,-178.43
195,150,35,-186.15
200,150,35,-198.33
205,150,35,-204.85
210,150,35,-200.42
215,150,35,-203.12
220,150,35,-215.59
225,150,35,-217.09
230,150,35,-215.79
235,150,35,-217.68
240,150,35,-250
245,150,35,-250
250,150,35,-250
255,150,35,-250
260,150,35,-250
265,150,35,-250
270,150,35,-250
275,150,35,-250
280,150,35,-250
285,150,35,-250
290,150,35,-250
295,150,35,-250
300,150,35,-250
305,150,35,-250
310,150,35,-250
315,150,35,-250
320,150,35,-250
325,150,35,-250
330,150,35,-250
335,150,35,-250
340,150,35,-250
345,150,35,-250
350,150,35,-250
355,150,35,-250
360,150,35,-250
365,150,35,-250
370,150,35,-250
375,150,35,-250
380,150,35,-250
385,150,35,-250
390,150,35,-250
395,150,35,-250
400,150,35,-250
405,150,35,-250
410,150,35,-250
415,150,35,-250
420,150,35,-250
425,150,35,-250
430,150,35,-250
435,150,35,-250
440,150,35,-250
445,150,35,-250
450,150,35,-250
455,150,35,-250
460,150,35,-250
465,150,35,-250
0,155,35,-250
5,155,35,-93.94
10,155,35,-81.44
15,155,35,-74.4
20,155,35,-72.48
25,155,35,-80.31
30,155,35,-78.76
35,155,35,-87.22
40,155,35,-71.83
45,155,35,-68.65
50,155,35,-75.42
55,155,35,-81.17
60,155,35,-76.12
65,155,35,-87.24
70,155,35,-77.37
75,155,35,-72.49
80,155,35,-69.47
85,155,35,-69.12
90,155,35,-70.85
95,155,35,-71.93
100,155,35,-74.63
105,155,35,-79.44
110,155,35,-81.76
115,155,35,-84.73
120,155,35,-89.13
125,155,35,-94.56
130,155,35,-101.5
135,155,35,-108.66
140,155,35,-101.53
145,155,35,-103.68
150,155,35,-113.29
155,155,35,-108.32
160,155,35,-109.19
165,155,35,-117.04
170,155,35,-118.3
175,155,35,-119.57
180,155,35,-121.06
185,155,35,-123.16
190,155,35,-162.91
195,155,35,-182.44
200,155,35,-196.11
205,155,35,-199.13
210,155,35,-202.16
215,155,35,-208.05
220,155,35,-217.71
225,155,35,-250
230,155,35,-250
235,155,35,-250
240,155,35,-250
245,155,35,-250
250,155,35,-250
255,155,35,-250
260,155,35,-250
265,155,35,-250
270,155,35,-250
275,155,35,-250
280,155,35,-250
285,155,35,-250
290,155,35,-250
295,155,35,-250
300,155,35,-250
305,155,35,-250
310,155,35,-250
315,155,35,-250
320,155,35,-250
325,155,35,-250
330,155,35,-250
335,155,35,-250
340,155,35,-250
345,155,35,-250
350,155,35,-250
355,155,35,-250
360,155,35,-250
365,155,35,-250
370,155,35,-250
375,155,35,-250
380,155,35,-250
385,155,35,-250
390,155,35,-250
395,155,35,-250
400,155,35,-250
405,155,35,-250
410,155,35,-250
415,155,35,-250
420,155,35,-250
425,155,35,-250
430,155,35,-250
435,155,35,-250
440,155,35,-250
445,155,35,-250
450,155,35,-250
455,155,35,-250
460,155,35,-250
465,155,35,-250
0,160,35,-250
5,160,35,-93.57
10,160,35,-83.23
15,160,35,-76.93
20,160,35,-74.29
25,160,35,-77.27
30,160,35,-82.33
35,160,35,-84.52
40,160,35,-74.91
45,160,35,-70.66
50,160,35,-73.35
55,160,35,-90.92
60,160,35,-79.01
65,160,35,-79.42
70,160,35,-108.7
75,160,35,-74.69
80,160,35,-73.21
85,160,35,-71.66
90,160,35,-71.31
95,160,35,-73.04
100,160,35,-74.57
105,160,35,-78.78
110,160,35,-83.7
115,160,35,-97.6
120,160,35,-107.26
125,160,35,-103.84
130,160,35,-98.18
135,160,35,-95.83
140,160,35,-95.08
145,160,35,-93.58
150,160,35,-92.58
155,160,35,-94.67
160,160,35,-99.51
165,160,35,-101.71
170,160,35,-107.27
175,160,35,-121.59
180,160,35,-126.13
185,160,35,-122.33
190,160,35,-143.09
195,160,35,-175.63
200,160,35,-190.08
205,160,35,-192.02
210,160,35,-197.01
215,160,35,-207.59
220,160,35,-211.32
225,160,35,-217.14
230,160,35,-250
235,160,35,-250
240,160,35,-250
245,160,35,-250
250,160,35,-250
255,160,35,-250
260,160,35,-250
265,160,35,-250
270,160,35,-250
275,160,35,-250
280,160,35,-250
285,160,35,-250
290,160,35,-250
295,160,35,-250
300,160,35,-250
305,160,35,-250
310,160,35,-250
315,160,35,-250
320,160,35,-250
325,160,35,-250
330,160,35,-250
335,160,35,-250
340,160,35,-250
345,160,35,-250
350,160,35,-250
355,160,35,-250
360,160,35,-250
365,160,35,-250
370,160,35,-250
375,160,35,-250
380,160,35,-250
385,160,35,-250
390,160,35,-250
395,160,35,-250
400,160,35,-250
405,160,35,-250
410,160,35,-250
415,160,35,-250
420,160,35,-250
425,160,35,-250
430,160,35,-250
435,160,35,-250
440,160,35,-250
445,160,35,-250
450,160,35,-250
455,160,35,-250
460,160,35,-250
465,160,35,-250
0,165,35,-250
5,165,35,-95.9
10,165,35,-86.13
15,165,35,-78.72
20,165,35,-75.04
25,165,35,-75.07
30,165,35,-81.68
35,165,35,-89.11
40,165,35,-81.97
45,165,35,-73.79
50,165,35,-73.8
55,165,35,-78.9
60,165,35,-92.95
65,165,35,-80.58
70,165,35,-83.32
75,165,35,-87.27
80,165,35,-80.67
85,165,35,-74.6
90,165,35,-74.05
95,165,35,-74.08
100,165,35,-75.91
105,165,35,-80.23
110,165,35,-81.63
115,165,35,-93.7
120,165,35,-96.03
125,165,35,-86.8
130,165,35,-86.79
135,165,35,-87.13
140,165,35,-87.83
145,165,35,-88.65
150,165,35,-89.23
155,165,35,-90.28
160,165,35,-90.59
165,165,35,-95.9
170,165,35,-98.55
175,165,35,-102.85
180,165,35,-109.13
185,165,35,-127.23
190,165,35,-134.32
195,165,35,-158.97
200,165,35,-187.82
205,165,35,-200.62
210,165,35,-199.92
215,165,35,-202.97
220,165,35,-207.7
225,165,35,-210.64
230,165,35,-213.67
235,165,35,-217.17
240,165,35,-250
245,165,35,-250
250,165,35,-250
255,165,35,-250
260,165,35,-250
265,165,35,-250
270,165,35,-250
275,165,35,-250
280,165,35,-250
285,165,35,-250
290,165,35,-250
295,165,35,-250
300,165,35,-250
305,165,35,-250
310,165,35,-250
315,165,35,-250
320,165,35,-250
325,165,35,-250
330,165,35,-250
335,165,35,-250
340,165,35,-250
345,165,35,-250
350,165,35,-250
355,165,35,-250
360,165,35,-250
365,165,35,-250
370,165,35,-250
375,165,35,-250
380,165,35,-250
385,165,35,-250
390,165,35,-250
395,165,35,-250
400,165,35,-250
405,165,35,-250
410,165,35,-250
415,165,35,-250
420,165,35,-250
425,165,35,-250
430,165,35,-250
435,165,35,-250
440,165,35,-250
445,165,35,-250
450,165,35,-250
455,165,35,-250
460,165,35,-250
465,165,35,-250
0,170,35,-250
5,170,35,-98.42
10,170,35,-88.92
15,170,35,-82.6
20,170,35,-79.9
25,170,35,-80.14
30,170,35,-84.57
35,170,35,-85.3
40,170,35,-90.65
45,170,35,-82.07
50,170,35,-76.26
55,170,35,-77.45
60,170,35,-85.98
65,170,35,-87.18
70,170,35,-83.43
75,170,35,-90.41
80,170,35,-84.97
85,170,35,-80.31
90,170,35,-77.07
95,170,35,-76.3
100,170,35,-77
105,170,35,-78.94
110,170,35,-84.88
115,170,35,-87.86
120,170,35,-104.29
125,170,35,-90.05
130,170,35,-87.45
135,170,35,-84.5
140,170,35,-83.75
145,170,35,-84.55
150,170,35,-85.67
155,170,35,-86.77
160,170,35,-87.88
165,170,35,-89.75
170,170,35,-93.27
175,170,35,-98.87
180,170,35,-103.1
185,170,35,-109.48
190,170,35,-125.28
195,170,35,-153.43
200,170,35,-189.01
205,170,35,-194.98
210,170,35,-194.25
215,170,35,-200.45
220,170,35,-205.32
225,170,35,-207.9
230,170,35,-210.28
235,170,35,-212.9
240,170,35,-215.93
245,170,35,-219.03
250,170,35,-250
255,170,35,-250
260,170,35,-250
265,170,35,-250
270,170,35,-250
275,170,35,-250
280,170,35,-250
285,170,35,-250
290,170,35,-250
295,170,35,-250
300,170,35,-250
305,170,35,-250
310,170,35,-250
315,170,35,-250
320,170,35,-250
325,170,35,-250
330,170,35,-250
335,170,35,-250
340,170,35,-250
345,170,35,-250
350,170,35,-250
355,170,35,-250
360,170,35,-250
365,170,35,-250
370,170,35,-250
375,170,35,-250
380,170,35,-250
385,170,35,-250
390,170,35,-250
395,170,35,-250
400,170,35,-250
405,170,35,-250
410,170,35,-250
415,170,35,-250
420,170,35,-250
425,170,35,-250
430,170,35,-250
435,170,35,-250
440,170,35,-250
445,170,35,-250
450,170,35,-250
455,170,35,-250
460,170,35,-250
465,170,35,-250
0,175,35,-250
5,175,35,-99.34
10,175,35,-90.33
15,175,35,-85.87
20,175,35,-82.54
25,175,35,-86.47
30,175,35,-104.39
35,175,35,-88.61
40,175,35,-88.12
45,175,35,-90.46
50,175,35,-80.74
55,175,35,-78.55
60,175,35,-81.87
65,175,35,-111.53
70,175,35,-87.49
75,175,35,-86.54
80,175,35,-95.32
85,175,35,-87.02
90,175,35,-82.15
95,175,35,-79.47
100,175,35,-78.64
105,175,35,-79.41
110,175,35,-82.35
115,175,35,-88.38
120,175,35,-90.8
125,175,35,-105.14
130,175,35,-89.91
135,175,35,-86.39
140,175,35,-86.49
145,175,35,-85.31
150,175,35,-84.2
155,175,35,-84.25
160,175,35,-85.25
165,175,35,-86.64
170,175,35,-89.02
175,175,35,-91.9
180,175,35,-96.14
185,175,35,-104.45
190,175,35,-117.29
195,175,35,-129.82
200,175,35,-187.1
205,175,35,-190.17
210,175,35,-193.23
215,175,35,-198.62
220,175,35,-203.98
225,175,35,-206.83
230,175,35,-208.93
235,175,35,-211.07
240,175,35,-213.49
245,175,35,-216.09
250,175,35,-250
255,175,35,-250
260,175,35,-250
265,175,35,-250
270,175,35,-250
275,175,35,-250
280,175,35,-250
285,175,35,-250
290,175,35,-250
295,175,35,-250
300,175,35,-250
305,175,35,-250
310,175,35,-250
315,175,35,-250
320,175,35,-250
325,175,35,-250
330,175,35,-250
335,175,35,-250
340,175,35,-250
345,175,35,-250
350,175,35,-250
355,175,35,-250
360,175,35,-250
365,175,35,-250
370,175,35,-250
375,175,35,-250
380,175,35,-250
385,175,35,-250
390,175,35,-250
395,175,35,-250
400,175,35,-250
405,175,35,-250
410,175,35,-250
415,175,35,-250
420,175,35,-250
425,175,35,-250
430,175,35,-250
435,175,35,-250
440,175,35,-250
445,175,35,-250
450,175,35,-250
455,175,35,-250
460,175,35,-250
465,175,35,-250
0,180,35,-250
5,180,35,-101.91
10,180,35,-93.55
15,180,35,-88.96
20,180,35,-85.46
25,180,35,-84.19
30,180,35,-86.34
35,180,35,-90.96
40,180,35,-91.61
45,180,35,-98.43
50,180,35,-86.65
55,180,35,-82.2
60,180,35,-82.23
65,180,35,-88.64
70,180,35,-99.49
75,180,35,-90.38
80,180,35,-92.14
85,180,35,-108.97
90,180,35,-89.62
95,180,35,-83.37
100,180,35,-81.84
105,180,35,-81.39
110,180,35,-82.05
115,180,35,-84.91
120,180,35,-92.39
125,180,35,-94.44
130,180,35,-111.63
135,180,35,-91.35
140,180,35,-89.92
145,180,35,-86.04
150,180,35,-85.81
155,180,35,-86.52
160,180,35,-85.61
165,180,35,-85.26
170,180,35,-87.36
175,180,35,-89.8
180,180,35,-92.85
185,180,35,-98.79
190,180,35,-105.91
195,180,35,-117.82
200,180,35,-166.81
205,180,35,-195.53
210,180,35,-199.03
215,180,35,-194.13
220,180,35,-199.01
225,180,35,-205.2
230,180,35,-208.6
235,180,35,-210.54
240,180,35,-212.44
245,180,35,-214.63
250,180,35,-217
255,180,35,-250
260,180,35,-250
265,180,35,-250
270,180,35,-250
275,180,35,-250
280,180,35,-250
285,180,35,-250
290,180,35,-250
295,180,35,-250
300,180,35,-250
305,180,35,-250
310,180,35,-250
315,180,35,-250
320,180,35,-250
325,180,35,-250
330,180,35,-250
335,180,35,-250
340,180,35,-250
345,180,35,-250
350,180,35,-250
355,180,35,-250
360,180,35,-250
365,180,35,-250
370,180,35,-250
375,180,35,-250
380,180,35,-250
385,180,35,-250
390,180,35,-250
395,180,35,-250
400,180,35,-250
405,180,35,-250
410,180,35,-250
415,180,35,-250
420,180,35,-250
425,180,35,-250
430,180,35,-250
435,180,35,-250
440,180,35,-250
445,180,35,-250
450,180,35,-250
455,180,35,-250
460,180,35,-250
465,180,35,-250
0,185,35,-250
5,185,35,-104.48
10,185,35,-97.28
15,185,35,-92.06
20,185,35,-88.85
25,185,35,-87.82
30,185,35,-85.96
35,185,35,-90.34
40,185,35,-97.9
45,185,35,-99.94
50,185,35,-93.26
55,185,35,-87.04
60,185,35,-84.81
65,185,35,-87.03
70,185,35,-94.01
75,185,35,-108.06
80,185,35,-94.9
85,185,35,-97.85
90,185,35,-113.87
95,185,35,-93.08
100,185,35,-86.5
105,185,35,-84.46
110,185,35,-84.24
115,185,35,-85
120,185,35,-86.64
125,185,35,-91.82
130,185,35,-113.09
135,185,35,-114.03
140,185,35,-93.4
145,185,35,-88.16
150,185,35,-89.29
155,185,35,-86.67
160,185,35,-87.57
165,185,35,-88.78
170,185,35,-89.37
175,185,35,-89.71
180,185,35,-92.18
185,185,35,-95.34
190,185,35,-100.79
195,185,35,-110.56
200,185,35,-159.47
205,185,35,-189
210,185,35,-212.75
215,185,35,-198.23
220,185,35,-196.25
225,185,35,-208.28
230,185,35,-208.56
235,185,35,-211.51
240,185,35,-212.77
245,185,35,-214.36
250,185,35,-216.81
255,185,35,-250
260,185,35,-250
265,185,35,-250
270,185,35,-250
275,185,35,-250
280,185,35,-250
285,185,35,-250
290,185,35,-250
295,185,35,-250
300,185,35,-250
305,185,35,-250
310,185,35,-250
315,185,35,-250
320,185,35,-250
325,185,35,-250
330,185,35,-250
335,185,35,-250
340,185,35,-250
345,185,35,-250
350,185,35,-250
355,185,35,-250
360,185,35,-250
365,185,35,-250
370,185,35,-250
375,185,35,-250
380,185,35,-250
385,185,35,-250
390,185,35,-250
395,185,35,-250
400,185,35,-250
405,185,35,-250
410,185,35,-250
415,185,35,-250
420,185,35,-250
425,185,35,-250
430,185,35,-250
435,185,35,-250
440,185,35,-250
445,185,35,-250
450,185,35,-250
455,185,35,-250
460,185,35,-250
465,185,35,-250
0,190,35,-250
5,190,35,-107.21
10,190,35,-100.39
15,190,35,-95.6
20,190,35,-92.24
25,190,35,-90.78
30,190,35,-88.91
35,190,35,-91.62
40,190,35,-97.76
45,190,35,-105.21
50,190,35,-100.51
55,190,35,-91.73
60,190,35,-88.14
65,190,35,-88.34
70,190,35,-92.35
75,190,35,-107.95
80,190,35,-99.43
85,190,35,-98.51
90,190,35,-100.03
95,190,35,-116.05
100,190,35,-95.17
105,190,35,-90.12
110,190,35,-87.43
115,190,35,-87.35
120,190,35,-87.92
125,190,35,-89.09
130,190,35,-95.87
135,190,35,-127.52
140,190,35,-105.79
145,190,35,-98.07
150,190,35,-94.43
155,190,35,-90.92
160,190,35,-89.9
165,190,35,-88.59
170,190,35,-90.03
175,190,35,-91.77
180,190,35,-93.24
185,190,35,-94.63
190,190,35,-97.91
195,190,35,-106.07
200,190,35,-149.24
205,190,35,-173.91
210,190,35,-189.09
215,190,35,-196.12
220,190,35,-201.74
225,190,35,-207.27
230,190,35,-208.52
235,190,35,-210.81
240,190,35,-213.94
245,190,35,-216.11
250,190,35,-217.56
255,190,35,-250
260,190,35,-250
265,190,35,-250
270,190,35,-250
275,190,35,-250
280,190,35,-250
285,190,35,-250
290,190,35,-250
295,190,35,-250
300,190,35,-250
305,190,35,-250
310,190,35,-250
315,190,35,-250
320,190,35,-250
325,190,35,-250
330,190,35,-250
335,190,35,-250
340,190,35,-250
345,190,35,-250
350,190,35,-250
355,190,35,-250
360,190,35,-250
365,190,35,-250
370,190,35,-250
375,190,35,-250
380,190,35,-250
385,190,35,-250
390,190,35,-250
395,190,35,-250
400,190,35,-250
405,190,35,-250
410,190,35,-250
415,190,35,-250
420,190,35,-250
425,190,35,-250
430,190,35,-250
435,190,35,-250
440,190,35,-250
445,190,35,-250
450,190,35,-250
455,190,35,-250
460,190,35,-250
465,190,35,-250
0,195,35,-250
5,195,35,-110.67
10,195,35,-104.28
15,195,35,-99.45
20,195,35,-95.79
25,195,35,-94.09
30,195,35,-94.94
35,195,35,-96.98
40,195,35,-100.35
45,195,35,-102.27
50,195,35,-109.51
55,195,35,-98.76
60,195,35,-93.39
65,195,35,-91.61
70,195,35,-92.94
75,195,35,-98.97
80,195,35,-112.98
85,195,35,-101.17
90,195,35,-101.2
95,195,35,-105.81
100,195,35,-110.38
105,195,35,-96.3
110,195,35,-92.1
115,195,35,-90.8
120,195,35,-90.92
125,195,35,-90.72
130,195,35,-92.27
135,195,35,-96.48
140,195,35,-113.4
145,195,35,-115.23
150,195,35,-101.89
155,195,35,-98.87
160,195,35,-95.92
165,195,35,-93.56
170,195,35,-92.56
175,195,35,-92.72
180,195,35,-94.44
185,195,35,-96.82
190,195,35,-99.43
195,195,35,-103.83
200,195,35,-141.45
205,195,35,-159.95
210,195,35,-174.19
215,195,35,-184.87
220,195,35,-191.7
225,195,35,-219.1
230,195,35,-212.51
235,195,35,-210.85
240,195,35,-212.76
245,195,35,-216
250,195,35,-218.72
255,195,35,-250
260,195,35,-250
265,195,35,-250
270,195,35,-250
275,195,35,-250
280,195,35,-250
285,195,35,-250
290,195,35,-250
295,195,35,-250
300,195,35,-250
305,195,35,-250
310,195,35,-250
315,195,35,-250
320,195,35,-250
325,195,35,-250
330,195,35,-250
335,195,35,-250
340,195,35,-250
345,195,35,-250
350,195,35,-250
355,195,35,-250
360,195,35,-250
365,195,35,-250
370,195,35,-250
375,195,35,-250
380,195,35,-250
385,195,35,-250
390,195,35,-250
395,195,35,-250
400,195,35,-250
405,195,35,-250
410,195,35,-250
415,195,35,-250
420,195,35,-250
425,195,35,-250
430,195,35,-250
435,195,35,-250
440,195,35,-250
445,195,35,-250
450,195,35,-250
455,195,35,-250
460,195,35,-250
465,195,35,-250
0,200,35,-250
5,200,35,-114.01
10,200,35,-107.36
15,200,35,-103
20,200,35,-99.63
25,200,35,-97.67
30,200,35,-97.57
35,200,35,-108.53
40,200,35,-111.21
45,200,35,-105.36
50,200,35,-106.06
55,200,35,-117.72
60,200,35,-100.39
65,200,35,-95.69
70,200,35,-95.42
75,200,35,-98.53
80,200,35,-108.52
85,200,35,-111.16
90,200,35,-104.82
95,200,35,-104.05
100,200,35,-109.39
105,200,35,-111.56
110,200,35,-100.13
115,200,35,-96.37
120,200,35,-95.37
125,200,35,-95.69
130,200,35,-95.77
135,200,35,-97.13
140,200,35,-100.6
145,200,35,-114.78
150,200,35,-118.89
155,200,35,-113.07
160,200,35,-104.75
165,200,35,-100.62
170,200,35,-98.38
175,200,35,-97.16
180,200,35,-97.98
185,200,35,-100.12
190,200,35,-102.96
195,200,35,-107.67
200,200,35,-135.26
205,200,35,-148.8
210,200,35,-162.93
215,200,35,-174.33
220,200,35,-183.7
225,200,35,-190.59
230,200,35,-210.74
235,200,35,-216.34
240,200,35,-212.81
245,200,35,-214.86
250,200,35,-218.12
255,200,35,-250
260,200,35,-250
265,200,35,-250
270,200,35,-250
275,200,35,-250
280,200,35,-250
285,200,35,-250
290,200,35,-250
295,200,35,-250
300,200,35,-250
305,200,35,-250
310,200,35,-250
315,200,35,-250
320,200,35,-250
325,200,35,-250
330,200,35,-250
335,200,35,-250
340,200,35,-250
345,200,35,-250
350,200,35,-250
355,200,35,-250
360,200,35,-250
365,200,35,-250
370,200,35,-250
375,200,35,-250
380,200,35,-250
385,200,35,-250
390,200,35,-250
395,200,35,-250
400,200,35,-250
405,200,35,-250
410,200,35,-250
415,200,35,-250
420,200,35,-250
425,200,35,-250
430,200,35,-250
435,200,35,-250
440,200,35,-250
445,200,35,-250
450,200,35,-250
455,200,35,-250
460,200,35,-250
465,200,35,-250
0,205,35,-250
5,205,35,-116.34
10,205,35,-111.66
15,205,35,-106.3
20,205,35,-103.33
25,205,35,-99.88
30,205,35,-99.41
35,205,35,-101.59
40,205,35,-111.38
45,205,35,-111.49
50,205,35,-108.63
55,205,35,-117.55
60,205,35,-108.4
65,205,35,-101
70,205,35,-99.26
75,205,35,-100.52
80,205,35,-103.92
85,205,35,-113.08
90,205,35,-113.65
95,205,35,-107.14
100,205,35,-107.61
105,205,35,-113.71
110,205,35,-120.93
115,205,35,-106.09
120,205,35,-104.67
125,205,35,-103.07
130,205,35,-102.12
135,205,35,-102.87
140,205,35,-105.22
145,205,35,-109.4
150,205,35,-123.38
155,205,35,-128.11
160,205,35,-115.43
165,205,35,-112.8
170,205,35,-110.87
175,205,35,-108.31
180,205,35,-107.98
185,205,35,-110.23
190,205,35,-127.52
195,205,35,-136.8
200,205,35,-147.68
205,205,35,-159.68
210,205,35,-172.3
215,205,35,-184.04
220,205,35,-190
225,205,35,-195.75
230,205,35,-205.97
235,205,35,-212.05
240,205,35,-250
245,205,35,-218.4
250,205,35,-218.56
255,205,35,-250
260,205,35,-250
265,205,35,-250
270,205,35,-250
275,205,35,-250
280,205,35,-250
285,205,35,-250
290,205,35,-250
295,205,35,-250
300,205,35,-250
305,205,35,-250
310,205,35,-250
315,205,35,-250
320,205,35,-250
325,205,35,-250
330,205,35,-250
335,205,35,-250
340,205,35,-250
345,205,35,-250
350,205,35,-250
355,205,35,-250
360,205,35,-250
365,205,35,-250
370,205,35,-250
375,205,35,-250
380,205,35,-250
385,205,35,-250
390,205,35,-250
395,205,35,-250
400,205,35,-250
405,205,35,-250
410,205,35,-250
415,205,35,-250
420,205,35,-250
425,205,35,-250
430,205,35,-250
435,205,35,-250
440,205,35,-250
445,205,35,-250
450,205,35,-250
455,205,35,-250
460,205,35,-250
465,205,35,-250
0,210,35,-250
5,210,35,-118.51
10,210,35,-110.04
15,210,35,-106.35
20,210,35,-101.62
25,210,35,-101.71
30,210,35,-100.59
35,210,35,-103.28
40,210,35,-105.75
45,210,35,-110.82
50,210,35,-114.87
55,210,35,-114.84
60,210,35,-128.09
65,210,35,-108.16
70,210,35,-103.43
75,210,35,-101.53
80,210,35,-103.62
85,210,35,-109.15
90,210,35,-129.49
95,210,35,-114.27
100,210,35,-110.78
105,210,35,-111.99
110,210,35,-119.65
115,210,35,-137.23
120,210,35,-120.42
125,210,35,-114.04
130,210,35,-111.7
135,210,35,-110.71
140,210,35,-111.4
145,210,35,-114.01
150,210,35,-118.4
155,210,35,-125.56
160,210,35,-156.77
165,210,35,-137.74
170,210,35,-129.67
175,210,35,-127.96
180,210,35,-129.54
185,210,35,-134.13
190,210,35,-141.69
195,210,35,-151.8
200,210,35,-162.34
205,210,35,-172.24
210,210,35,-181.37
215,210,35,-191.26
220,210,35,-197.58
225,210,35,-203.81
230,210,35,-209.88
235,210,35,-219.35
240,210,35,-250
245,210,35,-250
250,210,35,-250
255,210,35,-250
260,210,35,-250
265,210,35,-250
270,210,35,-250
275,210,35,-250
280,210,35,-250
285,210,35,-250
290,210,35,-250
295,210,35,-250
300,210,35,-250
305,210,35,-250
310,210,35,-250
315,210,35,-250
320,210,35,-250
325,210,35,-250
330,210,35,-250
335,210,35,-250
340,210,35,-250
345,210,35,-250
350,210,35,-250
355,210,35,-250
360,210,35,-250
365,210,35,-250
370,210,35,-250
375,210,35,-250
380,210,35,-250
385,210,35,-250
390,210,35,-250
395,210,35,-250
400,210,35,-250
405,210,35,-250
410,210,35,-250
415,210,35,-250
420,210,35,-250
425,210,35,-250
430,210,35,-250
435,210,35,-250
440,210,35,-250
445,210,35,-250
450,210,35,-250
455,210,35,-250
460,210,35,-250
465,210,35,-250
0,215,35,-250
5,215,35,-118.41
10,215,35,-111.78
15,215,35,-109.85
20,215,35,-107.94
25,215,35,-105.82
30,215,35,-107.73
35,215,35,-108.55
40,215,35,-110.36
45,215,35,-116.55
50,215,35,-147.79
55,215,35,-123.05
60,215,35,-130.25
65,215,35,-117.87
70,215,35,-110.14
75,215,35,-107.53
80,215,35,-105.08
85,215,35,-108.29
90,215,35,-112.55
95,215,35,-131.27
100,215,35,-116.39
105,215,35,-115.55
110,215,35,-117.29
115,215,35,-122.02
120,215,35,-133.27
125,215,35,-127.47
130,215,35,-120.61
135,215,35,-118.74
140,215,35,-118.56
145,215,35,-119.9
150,215,35,-123.46
155,215,35,-128.56
160,215,35,-134.72
165,215,35,-142.12
170,215,35,-168.53
175,215,35,-150.29
180,215,35,-149.08
185,215,35,-154.1
190,215,35,-160.9
195,215,35,-167.52
200,215,35,-174.78
205,215,35,-182.36
210,215,35,-190.25
215,215,35,-198.07
220,215,35,-206.46
225,215,35,-212.21
230,215,35,-217.31
235,215,35,-250
240,215,35,-250
245,215,35,-250
250,215,35,-250
255,215,35,-250
260,215,35,-250
265,215,35,-250
270,215,35,-250
275,215,35,-250
280,215,35,-250
285,215,35,-250
290,215,35,-250
295,215,35,-250
300,215,35,-250
305,215,35,-250
310,215,35,-250
315,215,35,-250
320,215,35,-250
325,215,35,-250
330,215,35,-250
335,215,35,-250
340,215,35,-250
345,215,35,-250
350,215,35,-250
355,215,35,-250
360,215,35,-250
365,215,35,-250
370,215,35,-250
375,215,35,-250
380,215,35,-250
385,215,35,-250
390,215,35,-250
395,215,35,-250
400,215,35,-250
405,215,35,-250
410,215,35,-250
415,215,35,-250
420,215,35,-250
425,215,35,-250
430,215,35,-250
435,215,35,-250
440,215,35,-250
445,215,35,-250
450,215,35,-250
455,215,35,-250
460,215,35,-250
465,215,35,-250
0,220,35,-250
5,220,35,-127.07
10,220,35,-119.32
15,220,35,-114.94
20,220,35,-111.06
25,220,35,-108.87
30,220,35,-107.72
35,220,35,-107.75
40,220,35,-113.52
45,220,35,-116.96
50,220,35,-125.15
55,220,35,-134.37
60,220,35,-132.84
65,220,35,-133.25
70,220,35,-119.28
75,220,35,-113.31
80,220,35,-112.44
85,220,35,-111.62
90,220,35,-115.51
95,220,35,-121.49
100,220,35,-129.78
105,220,35,-126.83
110,220,35,-123.92
115,220,35,-127.23
120,220,35,-131.54
125,220,35,-144.67
130,220,35,-133.97
135,220,35,-129.78
140,220,35,-128.84
145,220,35,-130.21
150,220,35,-133.25
155,220,35,-137.5
160,220,35,-143.51
165,220,35,-149.97
170,220,35,-157.7
175,220,35,-170.96
180,220,35,-175.25
185,220,35,-172.66
190,220,35,-175.39
195,220,35,-180
200,220,35,-186.56
205,220,35,-194.16
210,220,35,-200.84
215,220,35,-207.82
220,220,35,-215
225,220,35,-219.9
230,220,35,-250
235,220,35,-250
240,220,35,-250
245,220,35,-250
250,220,35,-250
255,220,35,-250
260,220,35,-250
265,220,35,-250
270,220,35,-250
275,220,35,-250
280,220,35,-250
285,220,35,-250
290,220,35,-250
295,220,35,-250
300,220,35,-250
305,220,35,-250
310,220,35,-250
315,220,35,-250
320,220,35,-250
325,220,35,-250
330,220,35,-250
335,220,35,-250
340,220,35,-250
345,220,35,-250
350,220,35,-250
355,220,35,-250
360,220,35,-250
365,220,35,-250
370,220,35,-250
375,220,35,-250
380,220,35,-250
385,220,35,-250
390,220,35,-250
395,220,35,-250
400,220,35,-250
405,220,35,-250
410,220,35,-250
415,220,35,-250
420,220,35,-250
425,220,35,-250
430,220,35,-250
435,220,35,-250
440,220,35,-250
445,220,35,-250
450,220,35,-250
455,220,35,-250
460,220,35,-250
465,220,35,-250
0,225,35,-250
5,225,35,-131
10,225,35,-123.49
15,225,35,-119.18
20,225,35,-115.7
25,225,35,-112.99
30,225,35,-111.69
35,225,35,-111.49
40,225,35,-112.06
45,225,35,-119.85
50,225,35,-126.28
55,225,35,-157.61
60,225,35,-133.77
65,225,35,-139.9
70,225,35,-131.62
75,225,35,-122.36
80,225,35,-118.89
85,225,35,-116.79
90,225,35,-118.33
95,225,35,-120.18
100,225,35,-126.02
105,225,35,-134.89
110,225,35,-139.17
115,225,35,-136.44
120,225,35,-138.81
125,225,35,-143.45
130,225,35,-156.37
135,225,35,-148.74
140,225,35,-145.17
145,225,35,-144.74
150,225,35,-146.32
155,225,35,-148.16
160,225,35,-152.69
165,225,35,-157.57
170,225,35,-162.11
175,225,35,-168.46
180,225,35,-179.19
185,225,35,-199.2
190,225,35,-196.01
195,225,35,-195.95
200,225,35,-201.09
205,225,35,-206.3
210,225,35,-210.15
215,225,35,-214.67
220,225,35,-219.69
225,225,35,-250
230,225,35,-250
235,225,35,-250
240,225,35,-250
245,225,35,-250
250,225,35,-250
255,225,35,-250
260,225,35,-250
265,225,35,-250
270,225,35,-250
275,225,35,-250
280,225,35,-250
285,225,35,-250
290,225,35,-250
295,225,35,-250
300,225,35,-250
305,225,35,-250
310,225,35,-250
315,225,35,-250
320,225,35,-250
325,225,35,-250
330,225,35,-250
335,225,35,-250
340,225,35,-250
345,225,35,-250
350,225,35,-250
355,225,35,-250
360,225,35,-250
365,225,35,-250
370,225,35,-250
375,225,35,-250
380,225,35,-250
385,225,35,-250
390,225,35,-250
395,225,35,-250
400,225,35,-250
405,225,35,-250
410,225,35,-250
415,225,35,-250
420,225,35,-250
425,225,35,-250
430,225,35,-250
435,225,35,-250
440,225,35,-250
445,225,35,-250
450,225,35,-250
455,225,35,-250
460,225,35,-250
465,225,35,-250
0,230,35,-250
5,230,35,-134.79
10,230,35,-128.49
15,230,35,-124.3
20,230,35,-120.97
25,230,35,-118.09
30,230,35,-116.14
35,230,35,-115.82
40,230,35,-116.05
45,230,35,-117.8
50,230,35,-120.89
55,230,35,-139.63
60,230,35,-140.1
65,230,35,-138.71
70,230,35,-160.33
75,230,35,-132.44
80,230,35,-125.89
85,230,35,-122.81
90,230,35,-123.55
95,230,35,-123.79
100,230,35,-128.08
105,230,35,-135
110,230,35,-145.91
115,230,35,-151.09
120,230,35,-148.49
125,230,35,-150.07
130,230,35,-157.72
135,230,35,-162.02
140,230,35,-155.62
145,230,35,-154.72
150,230,35,-154.71
155,230,35,-155.76
160,230,35,-160.25
165,230,35,-165.08
170,230,35,-170.32
175,230,35,-175.72
180,230,35,-182.58
185,230,35,-190.34
190,230,35,-202.32
195,230,35,-208.82
200,230,35,-211.88
205,230,35,-213.25
210,230,35,-216.29
215,230,35,-250
220,230,35,-250
225,230,35,-250
230,230,35,-250
235,230,35,-250
240,230,35,-250
245,230,35,-250
250,230,35,-250
255,230,35,-250
260,230,35,-250
265,230,35,-250
270,230,35,-250
275,230,35,-250
280,230,35,-250
285,230,35,-250
290,230,35,-250
295,230,35,-250
300,230,35,-250
305,230,35,-250
310,230,35,-250
315,230,35,-250
320,230,35,-250
325,230,35,-250
330,230,35,-250
335,230,35,-250
340,230,35,-250
345,230,35,-250
350,230,35,-250
355,230,35,-250
360,230,35,-250
365,230,35,-250
370,230,35,-250
375,230,35,-250
380,230,35,-250
385,230,35,-250
390,230,35,-250
395,230,35,-250
400,230,35,-250
405,230,35,-250
410,230,35,-250
415,230,35,-250
420,230,35,-250
425,230,35,-250
430,230,35,-250
435,230,35,-250
440,230,35,-250
445,230,35,-250
450,230,35,-250
455,230,35,-250
460,230,35,-250
465,230,35,-250
0,235,35,-250
5,235,35,-137.98
10,235,35,-133.27
15,235,35,-129.47
20,235,35,-126.25
25,235,35,-123.72
30,235,35,-121.51
35,235,35,-120.5
40,235,35,-120.69
45,235,35,-121.77
50,235,35,-124.52
55,235,35,-129.8
60,235,35,-160.21
65,235,35,-141.39
70,235,35,-148.96
75,235,35,-141.74
80,235,35,-132.91
85,235,35,-129.07
90,235,35,-128.6
95,235,35,-127.68
100,235,35,-131.3
105,235,35,-136.8
110,235,35,-143.38
115,235,35,-154.43
120,235,35,-163.46
125,235,35,-158.08
130,235,35,-160.19
135,235,35,-167.83
140,235,35,-172.55
145,235,35,-165.17
150,235,35,-164.2
155,235,35,-164.62
160,235,35,-169.66
165,235,35,-175.15
170,235,35,-180.99
175,235,35,-183.28
180,235,35,-188.84
185,235,35,-196.63
190,235,35,-206.47
195,235,35,-213.97
200,235,35,-250
205,235,35,-250
210,235,35,-250
215,235,35,-250
220,235,35,-250
225,235,35,-250
230,235,35,-250
235,235,35,-250
240,235,35,-250
245,235,35,-250
250,235,35,-250
255,235,35,-250
260,235,35,-250
265,235,35,-250
270,235,35,-250
275,235,35,-250
280,235,35,-250
285,235,35,-250
290,235,35,-250
295,235,35,-250
300,235,35,-250
305,235,35,-250
310,235,35,-250
315,235,35,-250
320,235,35,-250
325,235,35,-250
330,235,35,-250
335,235,35,-250
340,235,35,-250
345,235,35,-250
350,235,35,-250
355,235,35,-250
360,235,35,-250
365,235,35,-250
370,235,35,-250
375,235,35,-250
380,235,35,-250
385,235,35,-250
390,235,35,-250
395,235,35,-250
400,235,35,-250
405,235,35,-250
410,235,35,-250
415,235,35,-250
420,235,35,-250
425,235,35,-250
430,235,35,-250
435,235,35,-250
440,235,35,-250
445,235,35,-250
450,235,35,-250
455,235,35,-250
460,235,35,-250
465,235,35,-250
0,240,35,-250
5,240,35,-142.81
10,240,35,-139.23
15,240,35,-135.52
20,240,35,-132.99
25,240,35,-130.1
30,240,35,-128.25
35,240,35,-127.24
40,240,35,-127.55
45,240,35,-128.62
50,240,35,-131.04
55,240,35,-135.64
60,240,35,-141.48
65,240,35,-150.96
70,240,35,-147.94
75,240,35,-179.12
80,240,35,-140.66
85,240,35,-136.59
90,240,35,-135.42
95,240,35,-133.53
100,240,35,-137.1
105,240,35,-140.9
110,240,35,-145.3
115,240,35,-152.11
120,240,35,-162.94
125,240,35,-167.39
130,240,35,-165.75
135,240,35,-167.66
140,240,35,-173.5
145,240,35,-203.27
150,240,35,-178.26
155,240,35,-179.55
160,240,35,-180.37
165,240,35,-182.2
170,240,35,-185.03
175,240,35,-190.32
180,240,35,-194.74
185,240,35,-199.33
190,240,35,-201.41
195,240,35,-207.78
200,240,35,-217.66
205,240,35,-250
210,240,35,-250
215,240,35,-250
220,240,35,-250
225,240,35,-250
230,240,35,-250
235,240,35,-250
240,240,35,-250
245,240,35,-250
250,240,35,-250
255,240,35,-250
260,240,35,-250
265,240,35,-250
270,240,35,-250
275,240,35,-250
280,240,35,-250
285,240,35,-250
290,240,35,-250
295,240,35,-250
300,240,35,-250
305,240,35,-250
310,240,35,-250
315,240,35,-250
320,240,35,-250
325,240,35,-250
330,240,35,-250
335,240,35,-250
340,240,35,-250
345,240,35,-250
350,240,35,-250
355,240,35,-250
360,240,35,-250
365,240,35,-250
370,240,35,-250
375,240,35,-250
380,240,35,-250
385,240,35,-250
390,240,35,-250
395,240,35,-250
400,240,35,-250
405,240,35,-250
410,240,35,-250
415,240,35,-250
420,240,35,-250
425,240,35,-250
430,240,35,-250
435,240,35,-250
440,240,35,-250
445,240,35,-250
450,240,35,-250
455,240,35,-250
460,240,35,-250
465,240,35,-250
0,245,35,-250
5,245,35,-146.24
10,245,35,-143.54
15,245,35,-141.03
20,245,35,-138.61
25,245,35,-136.89
30,245,35,-135.05
35,245,35,-133.99
40,245,35,-134.46
45,245,35,-135.87
50,245,35,-138.13
55,245,35,-143.56
60,245,35,-149.93
65,245,35,-151.58
70,245,35,-150.63
75,245,35,-157.03
80,245,35,-160.79
85,245,35,-151.11
90,245,35,-144.17
95,245,35,-142.25
100,245,35,-145.11
105,245,35,-147.81
110,245,35,-150
115,245,35,-155.83
120,245,35,-160.38
125,245,35,-168.57
130,245,35,-172.6
135,245,35,-175.64
140,245,35,-177.78
145,245,35,-177.74
150,245,35,-182.67
155,245,35,-190.31
160,245,35,-195.05
165,245,35,-194.59
170,245,35,-193.21
175,245,35,-195.1
180,245,35,-196.96
185,245,35,-199.6
190,245,35,-204.44
195,245,35,-208.72
200,245,35,-215.76
205,245,35,-250
210,245,35,-250
215,245,35,-250
220,245,35,-250
225,245,35,-250
230,245,35,-250
235,245,35,-250
240,245,35,-250
245,245,35,-250
250,245,35,-250
255,245,35,-250
260,245,35,-250
265,245,35,-250
270,245,35,-250
275,245,35,-250
280,245,35,-250
285,245,35,-250
290,245,35,-250
295,245,35,-250
300,245,35,-250
305,245,35,-250
310,245,35,-250
315,245,35,-250
320,245,35,-250
325,245,35,-250
330,245,35,-250
335,245,35,-250
340,245,35,-250
345,245,35,-250
350,245,35,-250
355,245,35,-250
360,245,35,-250
365,245,35,-250
370,245,35,-250
375,245,35,-250
380,245,35,-250
385,245,35,-250
390,245,35,-250
395,245,35,-250
400,245,35,-250
405,245,35,-250
410,245,35,-250
415,245,35,-250
420,245,35,-250
425,245,35,-250
430,245,35,-250
435,245,35,-250
440,245,35,-250
445,245,35,-250
450,245,35,-250
455,245,35,-250
460,245,35,-250
465,245,35,-250
0,250,35,-250
5,250,35,-151.14
10,250,35,-148.13
15,250,35,-145.07
20,250,35,-142.72
25,250,35,-141.33
30,250,35,-140.52
35,250,35,-139.7
40,250,35,-139.93
45,250,35,-141.55
50,250,35,-144.81
55,250,35,-149.52
60,250,35,-160.2
65,250,35,-164.17
70,250,35,-161.25
75,250,35,-163.15
80,250,35,-175.27
85,250,35,-160.91
90,250,35,-157.68
95,250,35,-153.13
100,250,35,-154.02
105,250,35,-155.26
110,250,35,-156.35
115,250,35,-161.17
120,250,35,-166.4
125,250,35,-173.7
130,250,35,-179.4
135,250,35,-180.49
140,250,35,-179.98
145,250,35,-182.13
150,250,35,-191.05
155,250,35,-192.98
160,250,35,-206.16
165,250,35,-212.47
170,250,35,-205.85
175,250,35,-204.87
180,250,35,-205.69
185,250,35,-206.94
190,250,35,-209.49
195,250,35,-212.82
200,250,35,-218.18
205,250,35,-250
210,250,35,-250
215,250,35,-250
220,250,35,-250
225,250,35,-250
230,250,35,-250
235,250,35,-250
240,250,35,-250
245,250,35,-250
250,250,35,-250
255,250,35,-250
260,250,35,-250
265,250,35,-250
270,250,35,-250
275,250,35,-250
280,250,35,-250
285,250,35,-250
290,250,35,-250
295,250,35,-250
300,250,35,-250
305,250,35,-250
310,250,35,-250
315,250,35,-250
320,250,35,-250
325,250,35,-250
330,250,35,-250
335,250,35,-250
340,250,35,-250
345,250,35,-250
350,250,35,-250
355,250,35,-250
360,250,35,-250
365,250,35,-250
370,250,35,-250
375,250,35,-250
380,250,35,-250
385,250,35,-250
390,250,35,-250
395,250,35,-250
400,250,35,-250
405,250,35,-250
410,250,35,-250
415,250,35,-250
420,250,35,-250
425,250,35,-250
430,250,35,-250
435,250,35,-250
440,250,35,-250
445,250,35,-250
450,250,35,-250
455,250,35,-250
460,250,35,-250
465,250,35,-250
0,255,35,-250
5,255,35,-155.73
10,255,35,-152.39
15,255,35,-149.67
20,255,35,-146.32
25,255,35,-145.36
30,255,35,-144.09
35,255,35,-143.58
40,255,35,-143.65
45,255,35,-144.62
50,255,35,-146.83
55,255,35,-150.18
60,255,35,-154.89
65,255,35,-162.34
70,255,35,-174.32
75,255,35,-168.76
80,255,35,-169.94
85,255,35,-183.94
90,255,35,-166.64
95,255,35,-161.65
100,255,35,-160.61
105,255,35,-162.75
110,255,35,-162.17
115,255,35,-167.72
120,255,35,-173.72
125,255,35,-180.29
130,255,35,-189.1
135,255,35,-195.67
140,255,35,-193.37
145,255,35,-190.73
150,255,35,-189.87
155,255,35,-195.63
160,255,35,-200.92
165,255,35,-210.47
170,255,35,-216.45
175,255,35,-216.65
180,255,35,-214.1
185,255,35,-214.08
190,255,35,-215.37
195,255,35,-217.78
200,255,35,-250
205,255,35,-250
210,255,35,-250
215,255,35,-250
220,255,35,-250
225,255,35,-250
230,255,35,-250
235,255,35,-250
240,255,35,-250
245,255,35,-250
250,255,35,-250
255,255,35,-250
260,255,35,-250
265,255,35,-250
270,255,35,-250
275,255,35,-250
280,255,35,-250
285,255,35,-250
290,255,35,-250
295,255,35,-250
300,255,35,-250
305,255,35,-250
310,255,35,-250
315,255,35,-250
320,255,35,-250
325,255,35,-250
330,255,35,-250
335,255,35,-250
340,255,35,-250
345,255,35,-250
350,255,35,-250
355,255,35,-250
360,255,35,-250
365,255,35,-250
370,255,35,-250
375,255,35,-250
380,255,35,-250
385,255,35,-250
390,255,35,-250
395,255,35,-250
400,255,35,-250
405,255,35,-250
410,255,35,-250
415,255,35,-250
420,255,35,-250
425,255,35,-250
430,255,35,-250
435,255,35,-250
440,255,35,-250
445,255,35,-250
450,255,35,-250
455,255,35,-250
460,255,35,-250
465,255,35,-250
